var	rsid	PP	region	sentinel	seqnames	start	end	gene	cor	pvalue	qvalue
2:46772646_A_C	rs6747288	0.0016	1	no	chr2	46772285	46772785	PIGF	0.66	2.79e-06	6.24348993542605e-05
2:46772646_A_C	rs6747288	0.0016	1	no	chr2	46772285	46772785	SOCS5	0.689	5.54e-07	1.64265302020635e-05
2:45464362_A_C	rs12613889	0.001	1	no	chr2	45464200	45464700	SRBD1	0.597	5.58e-05	0.000742465943113403
2:46506076_A_G	rs72885021	6e-04	1	no	chr2	46506057	46506557	SRBD1	0.751	9.97e-09	5.99943665524771e-07
2:46506076_A_G	rs72885021	6e-04	1	no	chr2	46506057	46506557	CALM2	0.778	1.31e-09	1.13389091887929e-07
2:46506076_A_G	rs72885021	6e-04	1	no	chr2	46506057	46506557	PIGF	0.614	2.7e-05	0.000408085824288484
2:46922780_A_G	rs17821941	5e-04	1	no	chr2	46922354	46922854	TTC7A	0.626	1.49e-05	0.000249592811858972
2:46374720_C_T	rs56362104	4e-04	1	no	chr2	46374229	46374729	TTC7A	0.632	1.12e-05	0.000196987307557232
2:46774599_A_G	rs1001746	4e-04	1	no	chr2	46774569	46775069	TTC7A	0.866	2.09e-13	9.17855633317795e-11
2:46206721_G_A	rs61763806	4e-04	1	no	chr2	46206629	46207129	SRBD1	0.62	2.06e-05	0.000326503974583009
2:46085051_T_C	rs111389007	4e-04	1	no	chr2	46085028	46085528	SOCS5	0.67	1.61e-06	3.96535881692882e-05
2:46206721_G_A	rs61763806	4e-04	1	no	chr2	46206629	46207129	MCFD2	0.608	3.55e-05	0.00051144650577316
2:46206855_C_T	rs11677077	3e-04	1	no	chr2	46206629	46207129	SRBD1	0.62	2.06e-05	0.000326503974583009
2:46085343_C_T	rs111474824	3e-04	1	no	chr2	46085028	46085528	SOCS5	0.67	1.61e-06	3.96535881692882e-05
2:46192092_A_G	rs59298278	3e-04	1	no	chr2	46191966	46192466	SOCS5	0.605	4.03e-05	0.000567702354917364
2:46192092_A_G	rs59298278	3e-04	1	no	chr2	46191966	46192466	MCFD2	0.668	1.85e-06	4.44721574782482e-05
2:46206855_C_T	rs11677077	3e-04	1	no	chr2	46206629	46207129	MCFD2	0.608	3.55e-05	0.00051144650577316
2:46374640_A_C	rs6739208	2e-04	1	no	chr2	46374229	46374729	TTC7A	0.632	1.12e-05	0.000196987307557232
2:46689216_A_G	rs115350785	2e-04	1	no	chr2	46688920	46689420	TTC7A	0.774	1.69e-09	1.39695099428501e-07
2:46748756_T_C	rs142177529	2e-04	1	no	chr2	46748372	46748872	TTC7A	0.87	1.16e-13	5.67016499933741e-11
2:46775059_T_C	rs1001745	2e-04	1	no	chr2	46774569	46775069	TTC7A	0.866	2.09e-13	9.17855633317795e-11
2:45030230_C_T	rs115668888	2e-04	1	no	chr2	45029865	45030365	SRBD1	0.612	2.85e-05	0.000426784623356608
2:45180565_G_T	rs7600836	2e-04	1	no	chr2	45180428	45180928	SRBD1	0.692	4.68e-07	1.42831988795048e-05
2:46207006_C_T	rs13390160	2e-04	1	no	chr2	46206629	46207129	SRBD1	0.62	2.06e-05	0.000326503974583009
2:46565659_C_T	rs78092041	2e-04	1	no	chr2	46565629	46566129	SRBD1	0.697	3.56e-07	1.13902099225437e-05
2:46762034_T_C	rs4952833	2e-04	1	no	chr2	46761640	46762140	RHOQ	0.844	2.77e-12	7.53584680613052e-10
2:46565659_C_T	rs78092041	2e-04	1	no	chr2	46565629	46566129	CRIPT	0.649	4.83e-06	9.83767255113928e-05
2:46934153_A_G	rs114954529	2e-04	1	no	chr2	46933790	46934290	EPCAM	0.671	1.56e-06	3.86308900463174e-05
2:46934223_C_G	rs79999055	2e-04	1	no	chr2	46933790	46934290	EPCAM	0.671	1.56e-06	3.86308900463174e-05
2:45169819_C_T	rs182881	2e-04	1	no	chr2	45169387	45169887	PPM1B	0.655	3.68e-06	7.85197109070496e-05
2:46565659_C_T	rs78092041	2e-04	1	no	chr2	46565629	46566129	CALM2	0.778	1.29e-09	1.11936929425087e-07
2:46601555_T_G	rs77606293	2e-04	1	no	chr2	46601331	46601831	CALM2	0.642	6.99e-06	0.000133492034005957
2:46780014_C_G	rs150992995	2e-04	1	no	chr2	46779615	46780115	CALM2	0.62	1.97e-05	0.00031461657120679
2:46890366_G_C	rs115961306	2e-04	1	no	chr2	46890015	46890515	CALM2	0.729	4.46e-08	2.06001968184102e-06
2:46934913_C_T	rs77374111	2e-04	1	no	chr2	46934875	46935375	CALM2	0.657	3.23e-06	7.05043217214745e-05
2:46947676_T_C	rs78320840	2e-04	1	no	chr2	46947591	46948091	CALM2	0.749	1.16e-08	6.78622205101642e-07
2:46772306_T_C	rs34416415	2e-04	1	no	chr2	46772285	46772785	PIGF	0.66	2.79e-06	6.24348993542605e-05
2:45951993_C_T	rs7568111	2e-04	1	no	chr2	45951525	45952025	PRKCE	0.597	5.58e-05	0.000742465943113403
2:46762034_T_C	rs4952833	2e-04	1	no	chr2	46761640	46762140	PRKCE	0.818	4.01e-11	6.60021567289911e-09
2:46192392_A_T	rs77163685	2e-04	1	no	chr2	46191966	46192466	SOCS5	0.605	4.03e-05	0.000567702354917364
2:46772306_T_C	rs34416415	2e-04	1	no	chr2	46772285	46772785	SOCS5	0.689	5.54e-07	1.64265302020635e-05
2:46192392_A_T	rs77163685	2e-04	1	no	chr2	46191966	46192466	MCFD2	0.668	1.85e-06	4.44721574782482e-05
2:46207006_C_T	rs13390160	2e-04	1	no	chr2	46206629	46207129	MCFD2	0.608	3.55e-05	0.00051144650577316
2:46691903_T_C	rs112416191	2e-04	1	no	chr2	46691564	46692064	MCFD2	0.606	3.83e-05	0.000544196313495673
2:46762034_T_C	rs4952833	2e-04	1	no	chr2	46761640	46762140	ATP6V1E2	0.623	1.73e-05	0.000282520667552015
2:46927602_T_C	rs41435249	2e-04	1	no	chr2	46927403	46927903	ATP6V1E2	0.59	7.74e-05	0.000972806946119747
2:46374721_C_T	rs148158767	1e-04	1	no	chr2	46374229	46374729	TTC7A	0.632	1.12e-05	0.000196987307557232
2:46390363_T_C	rs76786339	1e-04	1	no	chr2	46389982	46390482	TTC7A	0.657	3.2e-06	6.99628808486288e-05
2:46495331_A_C	rs13003188	1e-04	1	no	chr2	46495289	46495789	TTC7A	0.599	5.16e-05	0.000696316986615219
2:46495745_A_G	rs77967960	1e-04	1	no	chr2	46495289	46495789	TTC7A	0.599	5.16e-05	0.000696316986615219
2:46495776_C_T	rs149441350	1e-04	1	no	chr2	46495289	46495789	TTC7A	0.599	5.16e-05	0.000696316986615219
2:46688955_A_T	rs57720200	1e-04	1	no	chr2	46688920	46689420	TTC7A	0.774	1.69e-09	1.39695099428501e-07
2:46748404_G_A	rs76785100	1e-04	1	no	chr2	46748372	46748872	TTC7A	0.87	1.16e-13	5.67016499933741e-11
2:46748483_T_G	rs753906	1e-04	1	no	chr2	46748372	46748872	TTC7A	0.87	1.16e-13	5.67016499933741e-11
2:46748516_G_T	rs148681373	1e-04	1	no	chr2	46748372	46748872	TTC7A	0.87	1.16e-13	5.67016499933741e-11
2:46764934_G_A	rs34495191	1e-04	1	no	chr2	46764861	46765361	TTC7A	0.647	5.41e-06	0.00010805163217116
2:46774903_C_T	rs116735098	1e-04	1	no	chr2	46774569	46775069	TTC7A	0.866	2.09e-13	9.17855633317795e-11
2:45398162_C_G	rs4953200	1e-04	1	no	chr2	45398082	45398582	SRBD1	0.832	9.75e-12	2.10204078953267e-09
2:45464295_G_A	rs62130787	1e-04	1	no	chr2	45464200	45464700	SRBD1	0.597	5.58e-05	0.000742465943113403
2:45950270_T_C	rs7577664	1e-04	1	no	chr2	45950099	45950599	SRBD1	0.606	3.81e-05	0.000541839901283137
2:45950520_C_A	rs75989909	1e-04	1	no	chr2	45950099	45950599	SRBD1	0.606	3.81e-05	0.000541839901283137
2:45950554_C_A	rs7563790	1e-04	1	no	chr2	45950099	45950599	SRBD1	0.606	3.81e-05	0.000541839901283137
2:46052497_A_C	rs6747706	1e-04	1	no	chr2	46052336	46052836	SRBD1	0.694	4.08e-07	1.27600771572726e-05
2:46193162_A_G	rs74865110	1e-04	1	no	chr2	46192997	46193497	SRBD1	0.665	2.18e-06	5.08990540607191e-05
2:46193438_G_A	rs116615342	1e-04	1	no	chr2	46192997	46193497	SRBD1	0.665	2.18e-06	5.08990540607191e-05
2:46238244_A_G	rs6544867	1e-04	1	no	chr2	46237916	46238416	SRBD1	0.77	2.46e-09	1.90085378773314e-07
2:46427385_G_A	rs57754781	1e-04	1	no	chr2	46427338	46427838	SRBD1	0.665	2.13e-06	4.99429873544024e-05
2:46593299_T_C	rs2346176	1e-04	1	no	chr2	46593268	46593768	SRBD1	0.775	1.62e-09	1.34994522705659e-07
2:46593536_G_A	rs10206434	1e-04	1	no	chr2	46593268	46593768	SRBD1	0.775	1.62e-09	1.34994522705659e-07
2:45795170_T_C	rs7577842	1e-04	1	no	chr2	45794983	45795483	RHOQ	0.615	2.58e-05	0.000393089067443019
2:45909089_C_T	rs72799074	1e-04	1	no	chr2	45908759	45909259	RHOQ	0.686	6.49e-07	1.87129597755245e-05
2:45881880_G_T	rs68115816	1e-04	1	no	chr2	45881418	45881918	CRIPT	0.694	4.18e-07	1.30196344248402e-05
2:46178642_A_G	rs114874698	1e-04	1	no	chr2	46178433	46178933	CRIPT	0.635	9.88e-06	0.000177663354895031
2:46427385_G_A	rs57754781	1e-04	1	no	chr2	46427338	46427838	CRIPT	0.643	6.67e-06	0.000128428949355608
2:46427385_G_A	rs57754781	1e-04	1	no	chr2	46427338	46427838	CALM2	0.685	6.83e-07	1.95211710130022e-05
2:46593299_T_C	rs2346176	1e-04	1	no	chr2	46593268	46593768	CALM2	0.794	3.25e-10	3.62197215012813e-08
2:46593536_G_A	rs10206434	1e-04	1	no	chr2	46593268	46593768	CALM2	0.794	3.25e-10	3.62197215012813e-08
2:46601511_G_A	rs116818755	1e-04	1	no	chr2	46601331	46601831	CALM2	0.642	6.99e-06	0.000133492034005957
2:46601667_C_T	rs116094060	1e-04	1	no	chr2	46601331	46601831	CALM2	0.642	6.99e-06	0.000133492034005957
2:46690966_T_C	rs61560601	1e-04	1	no	chr2	46690624	46691124	CALM2	0.684	7.42e-07	2.09020251515827e-05
2:46777462_G_C	rs4952834	1e-04	1	no	chr2	46777147	46777647	CALM2	0.605	3.98e-05	0.000561853512665374
2:46777619_T_G	rs6544902	1e-04	1	no	chr2	46777147	46777647	CALM2	0.605	3.98e-05	0.000561853512665374
2:46777646_A_G	rs34050156	1e-04	1	no	chr2	46777147	46777647	CALM2	0.605	3.98e-05	0.000561853512665374
2:46881546_A_G	rs6544910	1e-04	1	no	chr2	46881207	46881707	CALM2	0.613	2.83e-05	0.000424292249961348
2:46881613_C_A	rs13417558	1e-04	1	no	chr2	46881207	46881707	CALM2	0.613	2.83e-05	0.000424292249961348
2:46923501_T_C	rs75450301	1e-04	1	no	chr2	46923231	46923731	CALM2	0.612	2.92e-05	0.000435242274949439
2:46924490_G_T	rs1109380	1e-04	1	no	chr2	46924432	46924932	CALM2	0.692	4.77e-07	1.45104957755876e-05
2:46934936_G_T	rs41413046	1e-04	1	no	chr2	46934875	46935375	CALM2	0.657	3.23e-06	7.05043217214745e-05
2:46935073_T_G	rs150476935	1e-04	1	no	chr2	46934875	46935375	CALM2	0.657	3.23e-06	7.05043217214745e-05
2:46948075_C_T	rs11893159	1e-04	1	no	chr2	46947591	46948091	CALM2	0.749	1.16e-08	6.78622205101642e-07
2:45909089_C_T	rs72799074	1e-04	1	no	chr2	45908759	45909259	PIGF	0.719	8.74e-08	3.58283800956409e-06
2:46238244_A_G	rs6544867	1e-04	1	no	chr2	46237916	46238416	PIGF	0.671	1.56e-06	3.86308900463174e-05
2:45795170_T_C	rs7577842	1e-04	1	no	chr2	45794983	45795483	PRKCE	0.603	4.32e-05	0.000601383111155804
2:46003388_G_C	rs73926081	1e-04	1	no	chr2	46003354	46003854	PRKCE	0.614	2.62e-05	0.000398060367705586
2:46191363_A_G	rs73926124	1e-04	1	no	chr2	46191329	46191829	SOCS5	0.67	1.61e-06	3.96535881692882e-05
2:46191476_T_C	rs12996305	1e-04	1	no	chr2	46191329	46191829	SOCS5	0.67	1.61e-06	3.96535881692882e-05
2:46191724_G_C	rs2595201	1e-04	1	no	chr2	46191329	46191829	SOCS5	0.67	1.61e-06	3.96535881692882e-05
2:46192017_T_G	rs2595202	1e-04	1	no	chr2	46191966	46192466	SOCS5	0.605	4.03e-05	0.000567702354917364
2:46192078_T_C	rs6759301	1e-04	1	no	chr2	46191966	46192466	SOCS5	0.605	4.03e-05	0.000567702354917364
2:46192231_A_G	rs6715568	1e-04	1	no	chr2	46191966	46192466	SOCS5	0.605	4.03e-05	0.000567702354917364
2:46238244_A_G	rs6544867	1e-04	1	no	chr2	46237916	46238416	SOCS5	0.628	1.36e-05	0.000231350505349946
2:46350501_T_C	rs17737489	1e-04	1	no	chr2	46350255	46350755	SOCS5	0.623	1.73e-05	0.000282520667552015
2:46191363_A_G	rs73926124	1e-04	1	no	chr2	46191329	46191829	MCFD2	0.607	3.66e-05	0.000524279203186927
2:46191476_T_C	rs12996305	1e-04	1	no	chr2	46191329	46191829	MCFD2	0.607	3.66e-05	0.000524279203186927
2:46191724_G_C	rs2595201	1e-04	1	no	chr2	46191329	46191829	MCFD2	0.607	3.66e-05	0.000524279203186927
2:46192017_T_G	rs2595202	1e-04	1	no	chr2	46191966	46192466	MCFD2	0.668	1.85e-06	4.44721574782482e-05
2:46192078_T_C	rs6759301	1e-04	1	no	chr2	46191966	46192466	MCFD2	0.668	1.85e-06	4.44721574782482e-05
2:46192231_A_G	rs6715568	1e-04	1	no	chr2	46191966	46192466	MCFD2	0.668	1.85e-06	4.44721574782482e-05
2:46238244_A_G	rs6544867	1e-04	1	no	chr2	46237916	46238416	MCFD2	0.826	1.82e-11	3.47431035564385e-09
2:46350501_T_C	rs17737489	1e-04	1	no	chr2	46350255	46350755	MCFD2	0.644	6.42e-06	0.000124435117039241
2:45795170_T_C	rs7577842	1e-04	1	no	chr2	45794983	45795483	ATP6V1E2	0.691	4.91e-07	1.48682503075769e-05
2:45877556_C_T	rs608139	1e-04	1	no	chr2	45877370	45877870	ATP6V1E2	0.635	1.01e-05	0.00018080057919169
2:45909089_C_T	rs72799074	1e-04	1	no	chr2	45908759	45909259	ATP6V1E2	0.674	1.33e-06	3.38381587774311e-05
2:46927863_A_G	rs6705737	1e-04	1	no	chr2	46927403	46927903	ATP6V1E2	0.59	7.74e-05	0.000972806946119747
3:121468926_T_C	rs2001391	0.0015	2	no	chr3	121468470	121468970	FAM162A	0.613	2.75e-05	0.000414323889461343
3:121468926_T_C	rs2001391	0.0015	2	no	chr3	121468470	121468970	WDR5B	0.602	4.49e-05	0.000620893884286999
3:120287854_C_T	rs141553049	0.001	2	no	chr3	120287461	120287961	NDUFB4	0.589	7.76e-05	0.000974741419564079
3:120287753_G_T	rs143394292	9e-04	2	no	chr3	120287461	120287961	NDUFB4	0.589	7.76e-05	0.000974741419564079
3:120287775_C_G	rs147132030	9e-04	2	no	chr3	120287461	120287961	NDUFB4	0.589	7.76e-05	0.000974741419564079
3:120456981_T_C	rs139340593	9e-04	2	no	chr3	120456744	120457244	FBXO40	0.614	2.69e-05	0.000406840901259616
3:120286574_T_C	rs16831503	7e-04	2	no	chr3	120286444	120286944	NDUFB4	0.625	1.56e-05	0.000259343630151021
3:120029647_G_A	rs809792	7e-04	2	no	chr3	120029447	120029947	TIMMDC1	0.716	1.1e-07	4.32529037540188e-06
3:120032474_C_A	rs787193	7e-04	2	no	chr3	120032317	120032817	GTF2E1	0.704	2.22e-07	7.72387017496374e-06
3:120286574_T_C	rs16831503	7e-04	2	no	chr3	120286444	120286944	LRRC58	0.748	1.19e-08	6.93271803368481e-07
3:120286574_T_C	rs16831503	7e-04	2	no	chr3	120286444	120286944	FSTL1	0.688	5.83e-07	1.71347297897671e-05
3:121953922_C_T	rs111326195	7e-04	2	no	chr3	121953858	121954358	FBXO40	0.648	5.2e-06	0.00010457651753455
3:120041432_G_T	rs787208	6e-04	2	no	chr3	120040939	120041439	RABL3	0.665	2.16e-06	5.0515379958989e-05
3:120041432_G_T	rs787208	6e-04	2	no	chr3	120040939	120041439	GTF2E1	0.637	9.07e-06	0.000165558407426778
3:120004216_C_T	rs72954800	5e-04	2	no	chr3	120003867	120004367	NDUFB4	0.59	7.52e-05	0.000949816250378078
3:120180971_A_C	rs1147713	5e-04	2	no	chr3	120180738	120181238	NDUFB4	0.594	6.37e-05	0.000828363729950849
3:120067212_C_T	rs6767308	5e-04	2	no	chr3	120066986	120067486	GSK3B	0.63	1.29e-05	0.00022139809434056
3:120180971_A_C	rs1147713	5e-04	2	no	chr3	120180738	120181238	TIMMDC1	0.651	4.39e-06	9.08847993888906e-05
3:120067212_C_T	rs6767308	5e-04	2	no	chr3	120066986	120067486	HGD	0.628	1.39e-05	0.000235609581644439
3:120068232_T_C	rs13318758	5e-04	2	no	chr3	120067993	120068493	HGD	0.674	1.3e-06	3.32085621085748e-05
3:121712358_A_G	rs16832645	5e-04	2	no	chr3	121712129	121712629	KPNA1	0.612	2.91e-05	0.000433988949854006
3:120060584_G_A	rs79184149	5e-04	2	no	chr3	120060548	120061048	POPDC2	0.622	1.84e-05	0.000297268075950724
3:120068232_T_C	rs13318758	5e-04	2	no	chr3	120067993	120068493	POPDC2	0.762	4.37e-09	3.04305308847014e-07
3:120064615_G_A	rs9822759	5e-04	2	no	chr3	120064250	120064750	RABL3	0.728	4.97e-08	2.25247782589278e-06
3:120065932_C_T	rs11928731	5e-04	2	no	chr3	120065686	120066186	RABL3	0.737	2.62e-08	1.32966600331501e-06
3:120065960_C_G	rs28535957	5e-04	2	no	chr3	120065686	120066186	RABL3	0.737	2.62e-08	1.32966600331501e-06
3:120067212_C_T	rs6767308	5e-04	2	no	chr3	120066986	120067486	RABL3	0.623	1.73e-05	0.000282520667552015
3:120068232_T_C	rs13318758	5e-04	2	no	chr3	120067993	120068493	RABL3	0.742	1.95e-08	1.04142545299476e-06
3:120004216_C_T	rs72954800	5e-04	2	no	chr3	120003867	120004367	NR1I2	0.67	1.6e-06	3.94449817858866e-05
3:121721990_C_G	rs12488828	5e-04	2	no	chr3	121721850	121722350	EAF2	0.851	1.14e-12	3.66034681328953e-10
3:120064615_G_A	rs9822759	5e-04	2	no	chr3	120064250	120064750	GTF2E1	0.656	3.44e-06	7.4277396619431e-05
3:120065932_C_T	rs11928731	5e-04	2	no	chr3	120065686	120066186	GTF2E1	0.809	9.33e-11	1.31067669218985e-08
3:120065960_C_G	rs28535957	5e-04	2	no	chr3	120065686	120066186	GTF2E1	0.809	9.33e-11	1.31067669218985e-08
3:120068232_T_C	rs13318758	5e-04	2	no	chr3	120067993	120068493	GTF2E1	0.725	5.95e-08	2.60997690604469e-06
3:120181419_G_A	rs9854846	5e-04	2	no	chr3	120181336	120181836	GTF2E1	0.663	2.33e-06	5.37602604455504e-05
3:120067212_C_T	rs6767308	5e-04	2	no	chr3	120066986	120067486	POGLUT1	0.612	2.88e-05	0.000430415605493672
3:120180971_A_C	rs1147713	5e-04	2	no	chr3	120180738	120181238	POGLUT1	0.604	4.19e-05	0.000586448113179209
3:121721990_C_G	rs12488828	5e-04	2	no	chr3	121721850	121722350	SLC15A2	0.74	2.15e-08	1.1290672047567e-06
3:121744516_G_A	rs72965418	5e-04	2	no	chr3	121744093	121744593	SLC15A2	0.591	7.29e-05	0.000925816351981599
3:121744577_A_G	rs72965420	5e-04	2	no	chr3	121744093	121744593	SLC15A2	0.591	7.29e-05	0.000925816351981599
3:120004216_C_T	rs72954800	5e-04	2	no	chr3	120003867	120004367	LRRC58	0.631	1.22e-05	0.000211355470494139
3:120004216_C_T	rs72954800	5e-04	2	no	chr3	120003867	120004367	FSTL1	0.918	5.41e-17	1.03418433273716e-13
3:120180971_A_C	rs1147713	5e-04	2	no	chr3	120180738	120181238	FSTL1	0.677	1.1e-06	2.89238562563533e-05
3:121744516_G_A	rs72965418	5e-04	2	no	chr3	121744093	121744593	IQCB1	0.658	3.09e-06	6.79595976132378e-05
3:121744577_A_G	rs72965420	5e-04	2	no	chr3	121744093	121744593	IQCB1	0.658	3.09e-06	6.79595976132378e-05
3:121364173_A_T	rs1919550	4e-04	2	no	chr3	121363735	121364235	POLQ	0.613	2.81e-05	0.000421772850860835
3:120067022_C_T	rs147869802	4e-04	2	no	chr3	120066986	120067486	GSK3B	0.63	1.29e-05	0.00022139809434056
3:120280071_T_C	rs141717506	4e-04	2	no	chr3	120280043	120280543	GSK3B	0.75	1.06e-08	6.3029004459814e-07
3:120280217_A_G	rs146234409	4e-04	2	no	chr3	120280043	120280543	GSK3B	0.75	1.06e-08	6.3029004459814e-07
3:120140763_T_C	rs28718940	4e-04	2	no	chr3	120140597	120141097	TIMMDC1	0.615	2.55e-05	0.000389314669876148
3:120067022_C_T	rs147869802	4e-04	2	no	chr3	120066986	120067486	HGD	0.628	1.39e-05	0.000235609581644439
3:120068155_G_C	rs10048964	4e-04	2	no	chr3	120067993	120068493	HGD	0.674	1.3e-06	3.32085621085748e-05
3:121793699_A_G	rs143970550	4e-04	2	no	chr3	121793561	121794061	CD86	0.873	7.99e-14	4.18719841041335e-11
3:121793699_A_G	rs143970550	4e-04	2	no	chr3	121793561	121794061	CSTA	0.73	4.31e-08	2.00265137885901e-06
3:120068155_G_C	rs10048964	4e-04	2	no	chr3	120067993	120068493	POPDC2	0.762	4.37e-09	3.04305308847014e-07
3:120064605_T_C	rs114407453	4e-04	2	no	chr3	120064250	120064750	RABL3	0.728	4.97e-08	2.25247782589278e-06
3:120064669_C_T	rs9822636	4e-04	2	no	chr3	120064250	120064750	RABL3	0.728	4.97e-08	2.25247782589278e-06
3:120067022_C_T	rs147869802	4e-04	2	no	chr3	120066986	120067486	RABL3	0.623	1.73e-05	0.000282520667552015
3:120068155_G_C	rs10048964	4e-04	2	no	chr3	120067993	120068493	RABL3	0.742	1.95e-08	1.04142545299476e-06
3:120280071_T_C	rs141717506	4e-04	2	no	chr3	120280043	120280543	RABL3	0.655	3.55e-06	7.62190946271099e-05
3:120280217_A_G	rs146234409	4e-04	2	no	chr3	120280043	120280543	RABL3	0.655	3.55e-06	7.62190946271099e-05
3:120064605_T_C	rs114407453	4e-04	2	no	chr3	120064250	120064750	GTF2E1	0.656	3.44e-06	7.4277396619431e-05
3:120064669_C_T	rs9822636	4e-04	2	no	chr3	120064250	120064750	GTF2E1	0.656	3.44e-06	7.4277396619431e-05
3:120068155_G_C	rs10048964	4e-04	2	no	chr3	120067993	120068493	GTF2E1	0.725	5.95e-08	2.60997690604469e-06
3:120067022_C_T	rs147869802	4e-04	2	no	chr3	120066986	120067486	POGLUT1	0.612	2.88e-05	0.000430415605493672
3:120076936_C_T	rs144714776	3e-04	2	no	chr3	120076532	120077032	NDUFB4	0.71	1.59e-07	5.86375383404599e-06
3:120286655_C_T	rs113751644	3e-04	2	no	chr3	120286444	120286944	NDUFB4	0.625	1.56e-05	0.000259343630151021
3:120286924_C_T	rs146562235	3e-04	2	no	chr3	120286444	120286944	NDUFB4	0.625	1.56e-05	0.000259343630151021
3:120287751_G_A	rs137942855	3e-04	2	no	chr3	120287461	120287961	NDUFB4	0.589	7.76e-05	0.000974741419564079
3:120287892_C_T	rs150879346	3e-04	2	no	chr3	120287461	120287961	NDUFB4	0.589	7.76e-05	0.000974741419564079
3:120136417_C_T	rs1259292	3e-04	2	no	chr3	120136017	120136517	GSK3B	0.858	5.16e-13	1.91616873582871e-10
3:120076936_C_T	rs144714776	3e-04	2	no	chr3	120076532	120077032	TIMMDC1	0.65	4.72e-06	9.64936611567832e-05
3:120136417_C_T	rs1259292	3e-04	2	no	chr3	120136017	120136517	TIMMDC1	0.615	2.59e-05	0.000394334065660737
3:120140701_C_G	rs1259294	3e-04	2	no	chr3	120140597	120141097	TIMMDC1	0.615	2.55e-05	0.000389314669876148
3:120140985_C_A	rs1259296	3e-04	2	no	chr3	120140597	120141097	TIMMDC1	0.615	2.55e-05	0.000389314669876148
3:121361646_G_A	rs12487377	3e-04	2	no	chr3	121361295	121361795	KPNA1	0.724	6.45e-08	2.78972917641707e-06
3:121361787_G_A	rs2070178	3e-04	2	no	chr3	121361295	121361795	KPNA1	0.724	6.45e-08	2.78972917641707e-06
3:120026759_G_A	rs72956841	3e-04	2	no	chr3	120026401	120026901	POPDC2	0.617	2.28e-05	0.000354961981525716
3:120273644_A_G	rs150227289	3e-04	2	no	chr3	120273554	120274054	POPDC2	0.665	2.16e-06	5.0515379958989e-05
3:120276425_G_A	rs3732366	3e-04	2	no	chr3	120276357	120276857	POPDC2	0.816	4.77e-11	7.59867416382666e-09
3:120276770_C_T	rs143819918	3e-04	2	no	chr3	120276357	120276857	POPDC2	0.816	4.77e-11	7.59867416382666e-09
3:119994918_G_T	rs116647529	3e-04	2	no	chr3	119994496	119994996	COX17	0.757	6.58e-09	4.26421099762426e-07
3:120273644_A_G	rs150227289	3e-04	2	no	chr3	120273554	120274054	COX17	0.746	1.43e-08	8.06973511831174e-07
3:120276425_G_A	rs3732366	3e-04	2	no	chr3	120276357	120276857	COX17	0.607	3.7e-05	0.000528881625338521
3:120276770_C_T	rs143819918	3e-04	2	no	chr3	120276357	120276857	COX17	0.607	3.7e-05	0.000528881625338521
3:120076936_C_T	rs144714776	3e-04	2	no	chr3	120076532	120077032	RABL3	0.804	1.46e-10	1.8878379953753e-08
3:120136417_C_T	rs1259292	3e-04	2	no	chr3	120136017	120136517	RABL3	0.596	5.92e-05	0.000779756357658038
3:120279123_C_T	rs143242519	3e-04	2	no	chr3	120279117	120279617	RABL3	0.675	1.21e-06	3.12908255289982e-05
3:121150171_G_A	rs9868609	3e-04	2	no	chr3	121150113	121150613	RABL3	0.739	2.26e-08	1.17657127687587e-06
3:121721968_C_T	rs76707403	3e-04	2	no	chr3	121721850	121722350	EAF2	0.851	1.14e-12	3.66034681328953e-10
3:121722207_C_T	rs114658781	3e-04	2	no	chr3	121721850	121722350	EAF2	0.851	1.14e-12	3.66034681328953e-10
3:121913203_G_A	rs139864640	3e-04	2	no	chr3	121913197	121913697	EAF2	0.672	1.45e-06	3.63378251254448e-05
3:120076936_C_T	rs144714776	3e-04	2	no	chr3	120076532	120077032	GTF2E1	0.653	3.98e-06	8.38006219030198e-05
3:120087272_A_G	rs1147690	3e-04	2	no	chr3	120086965	120087465	GTF2E1	0.648	5.24e-06	0.000105227020655154
3:120279123_C_T	rs143242519	3e-04	2	no	chr3	120279117	120279617	GTF2E1	0.795	3.16e-10	3.53804346811749e-08
3:120461522_T_C	rs114707519	3e-04	2	no	chr3	120461203	120461703	GTF2E1	0.646	5.77e-06	0.00011393822088192
3:121150171_G_A	rs9868609	3e-04	2	no	chr3	121150113	121150613	GTF2E1	0.656	3.44e-06	7.4277396619431e-05
3:121350593_C_A	rs1128158	3e-04	2	no	chr3	121350537	121351037	GTF2E1	0.596	5.96e-05	0.000784123467278683
3:121350616_G_T	rs1128154	3e-04	2	no	chr3	121350537	121351037	GTF2E1	0.596	5.96e-05	0.000784123467278683
3:121361646_G_A	rs12487377	3e-04	2	no	chr3	121361295	121361795	GTF2E1	0.626	1.56e-05	0.000259343630151021
3:121361787_G_A	rs2070178	3e-04	2	no	chr3	121361295	121361795	GTF2E1	0.626	1.56e-05	0.000259343630151021
3:120136417_C_T	rs1259292	3e-04	2	no	chr3	120136017	120136517	POGLUT1	0.742	1.88e-08	1.01038653022285e-06
3:121721968_C_T	rs76707403	3e-04	2	no	chr3	121721850	121722350	SLC15A2	0.74	2.15e-08	1.1290672047567e-06
3:121722207_C_T	rs114658781	3e-04	2	no	chr3	121721850	121722350	SLC15A2	0.74	2.15e-08	1.1290672047567e-06
3:121913203_G_A	rs139864640	3e-04	2	no	chr3	121913197	121913697	SLC15A2	0.601	4.76e-05	0.000651537617911129
3:120136417_C_T	rs1259292	3e-04	2	no	chr3	120136017	120136517	LRRC58	0.599	5.24e-05	0.000705237756613372
3:120137857_G_C	rs72958778	3e-04	2	no	chr3	120137665	120138165	LRRC58	0.747	1.36e-08	7.74010981943115e-07
3:120286655_C_T	rs113751644	3e-04	2	no	chr3	120286444	120286944	LRRC58	0.748	1.19e-08	6.93271803368481e-07
3:120286924_C_T	rs146562235	3e-04	2	no	chr3	120286444	120286944	LRRC58	0.748	1.19e-08	6.93271803368481e-07
3:120137857_G_C	rs72958778	3e-04	2	no	chr3	120137665	120138165	FSTL1	0.654	3.74e-06	7.95750451946619e-05
3:120286655_C_T	rs113751644	3e-04	2	no	chr3	120286444	120286944	FSTL1	0.688	5.83e-07	1.71347297897671e-05
3:120286924_C_T	rs146562235	3e-04	2	no	chr3	120286444	120286944	FSTL1	0.688	5.83e-07	1.71347297897671e-05
3:120461522_T_C	rs114707519	3e-04	2	no	chr3	120461203	120461703	FBXO40	0.598	5.46e-05	0.000729396281397028
3:121150171_G_A	rs9868609	3e-04	2	no	chr3	121150113	121150613	FBXO40	0.662	2.54e-06	5.77454808136581e-05
3:121913203_G_A	rs139864640	3e-04	2	no	chr3	121913197	121913697	IQCB1	0.604	4.23e-05	0.000591076312738456
3:121804804_C_T	rs114148018	2e-04	2	no	chr3	121804477	121804977	PDIA5	0.858	5.09e-13	1.89593562379551e-10
3:120170824_G_A	rs75699135	2e-04	2	no	chr3	120170588	120171088	NDUFB4	0.699	3.13e-07	1.02514163315176e-05
3:120181170_C_T	rs73180140	2e-04	2	no	chr3	120180738	120181238	NDUFB4	0.594	6.37e-05	0.000828363729950849
3:120235399_C_T	rs78315603	2e-04	2	no	chr3	120234914	120235414	NDUFB4	0.63	1.24e-05	0.000214253330928872
3:121182918_C_T	rs73193605	2e-04	2	no	chr3	121182682	121183182	NDUFB4	0.616	2.46e-05	0.000377915654298029
3:120067411_C_T	rs12485446	2e-04	2	no	chr3	120066986	120067486	GSK3B	0.63	1.29e-05	0.00022139809434056
3:120280160_T_C	rs805010	2e-04	2	no	chr3	120280043	120280543	GSK3B	0.75	1.06e-08	6.3029004459814e-07
3:120170824_G_A	rs75699135	2e-04	2	no	chr3	120170588	120171088	TIMMDC1	0.691	5.01e-07	1.51180634882751e-05
3:120181170_C_T	rs73180140	2e-04	2	no	chr3	120180738	120181238	TIMMDC1	0.651	4.39e-06	9.08847993888906e-05
3:120067411_C_T	rs12485446	2e-04	2	no	chr3	120066986	120067486	HGD	0.628	1.39e-05	0.000235609581644439
3:121774281_A_G	rs11575853	2e-04	2	no	chr3	121774013	121774513	CD86	0.636	9.21e-06	0.000167680670625822
3:121775243_G_A	rs2715263	2e-04	2	no	chr3	121774915	121775415	CD86	0.734	3.23e-08	1.58006490310356e-06
3:121783396_C_T	rs2715271	2e-04	2	no	chr3	121783094	121783594	CD86	0.766	3.17e-09	2.34029687434074e-07
3:121795760_C_T	rs36226874	2e-04	2	no	chr3	121795548	121796048	CD86	0.596	5.97e-05	0.000785163599300979
3:121320269_C_T	rs73179950	2e-04	2	no	chr3	121320090	121320590	KPNA1	0.709	1.67e-07	6.10616436487027e-06
3:121552365_T_C	rs7646523	2e-04	2	no	chr3	121552352	121552852	KPNA1	0.64	7.85e-06	0.000146959205802453
3:121783396_C_T	rs2715271	2e-04	2	no	chr3	121783094	121783594	CSTA	0.771	2.18e-09	1.71990144295701e-07
3:120026579_A_T	rs787198	2e-04	2	no	chr3	120026401	120026901	POPDC2	0.617	2.28e-05	0.000354961981525716
3:120142113_G_A	rs17229545	2e-04	2	no	chr3	120142062	120142562	POPDC2	0.601	4.8e-05	0.000656032965024063
3:120276430_C_G	rs805014	2e-04	2	no	chr3	120276357	120276857	POPDC2	0.816	4.77e-11	7.59867416382666e-09
3:120276430_C_G	rs805014	2e-04	2	no	chr3	120276357	120276857	COX17	0.607	3.7e-05	0.000528881625338521
3:120064504_C_T	rs9822269	2e-04	2	no	chr3	120064250	120064750	RABL3	0.728	4.97e-08	2.25247782589278e-06
3:120064733_C_T	rs9822672	2e-04	2	no	chr3	120064250	120064750	RABL3	0.728	4.97e-08	2.25247782589278e-06
3:120067411_C_T	rs12485446	2e-04	2	no	chr3	120066986	120067486	RABL3	0.623	1.73e-05	0.000282520667552015
3:120280160_T_C	rs805010	2e-04	2	no	chr3	120280043	120280543	RABL3	0.655	3.55e-06	7.62190946271099e-05
3:121150460_A_G	rs11555758	2e-04	2	no	chr3	121150113	121150613	RABL3	0.739	2.26e-08	1.17657127687587e-06
3:121588501_G_A	rs2689279	2e-04	2	no	chr3	121588480	121588980	EAF2	0.711	1.5e-07	5.58584929373152e-06
3:121774281_A_G	rs11575853	2e-04	2	no	chr3	121774013	121774513	EAF2	0.775	1.66e-09	1.37701724826233e-07
3:121796768_G_A	rs9282641	2e-04	2	no	chr3	121796355	121796855	EAF2	0.78	1.09e-09	9.75004042806283e-08
3:121804804_C_T	rs114148018	2e-04	2	no	chr3	121804477	121804977	EAF2	0.668	1.78e-06	4.30822840227256e-05
3:121902907_T_C	rs1048213	2e-04	2	no	chr3	121902411	121902911	EAF2	0.64	7.7e-06	0.000144593271951989
3:121913225_C_T	rs143301386	2e-04	2	no	chr3	121913197	121913697	EAF2	0.672	1.45e-06	3.63378251254448e-05
3:120032807_G_A	rs72956850	2e-04	2	no	chr3	120032317	120032817	GTF2E1	0.704	2.22e-07	7.72387017496374e-06
3:120064504_C_T	rs9822269	2e-04	2	no	chr3	120064250	120064750	GTF2E1	0.656	3.44e-06	7.4277396619431e-05
3:120064733_C_T	rs9822672	2e-04	2	no	chr3	120064250	120064750	GTF2E1	0.656	3.44e-06	7.4277396619431e-05
3:120087274_C_T	rs4676697	2e-04	2	no	chr3	120086965	120087465	GTF2E1	0.648	5.24e-06	0.000105227020655154
3:120782803_C_A	rs6799012	2e-04	2	no	chr3	120782586	120783086	GTF2E1	0.632	1.15e-05	0.000201357833566541
3:120782869_G_A	rs73189306	2e-04	2	no	chr3	120782586	120783086	GTF2E1	0.632	1.15e-05	0.000201357833566541
3:120782919_C_G	rs9815281	2e-04	2	no	chr3	120782586	120783086	GTF2E1	0.632	1.15e-05	0.000201357833566541
3:120782924_G_T	rs116086956	2e-04	2	no	chr3	120782586	120783086	GTF2E1	0.632	1.15e-05	0.000201357833566541
3:121150460_A_G	rs11555758	2e-04	2	no	chr3	121150113	121150613	GTF2E1	0.656	3.44e-06	7.4277396619431e-05
3:121182918_C_T	rs73193605	2e-04	2	no	chr3	121182682	121183182	GTF2E1	0.685	6.9e-07	1.96874740826261e-05
3:121182918_C_T	rs73193605	2e-04	2	no	chr3	121182682	121183182	CCDC58	0.653	4.06e-06	8.5200155259177e-05
3:120067411_C_T	rs12485446	2e-04	2	no	chr3	120066986	120067486	POGLUT1	0.612	2.88e-05	0.000430415605493672
3:120181170_C_T	rs73180140	2e-04	2	no	chr3	120180738	120181238	POGLUT1	0.604	4.19e-05	0.000586448113179209
3:121513789_T_C	rs12489686	2e-04	2	no	chr3	121513356	121513856	SLC15A2	0.666	2.05e-06	4.84018733876498e-05
3:121588501_G_A	rs2689279	2e-04	2	no	chr3	121588480	121588980	SLC15A2	0.634	1.03e-05	0.000183780537570489
3:121774281_A_G	rs11575853	2e-04	2	no	chr3	121774013	121774513	SLC15A2	0.599	5.22e-05	0.000702927360439449
3:121795760_C_T	rs36226874	2e-04	2	no	chr3	121795548	121796048	SLC15A2	0.639	8.25e-06	0.000153114885147634
3:121796768_G_A	rs9282641	2e-04	2	no	chr3	121796355	121796855	SLC15A2	0.845	2.25e-12	6.35324029683184e-10
3:121913225_C_T	rs143301386	2e-04	2	no	chr3	121913197	121913697	SLC15A2	0.601	4.76e-05	0.000651537617911129
3:120170824_G_A	rs75699135	2e-04	2	no	chr3	120170588	120171088	LRRC58	0.649	5.01e-06	0.000101387024114885
3:120139861_T_C	rs1259293	2e-04	2	no	chr3	120139712	120140212	FSTL1	0.799	2.23e-10	2.66373626009398e-08
3:120170824_G_A	rs75699135	2e-04	2	no	chr3	120170588	120171088	FSTL1	0.709	1.7e-07	6.19450693370028e-06
3:120181170_C_T	rs73180140	2e-04	2	no	chr3	120180738	120181238	FSTL1	0.677	1.1e-06	2.89238562563533e-05
3:121150460_A_G	rs11555758	2e-04	2	no	chr3	121150113	121150613	FBXO40	0.662	2.54e-06	5.77454808136581e-05
3:121588501_G_A	rs2689279	2e-04	2	no	chr3	121588480	121588980	IQCB1	0.653	4.05e-06	8.50270765042181e-05
3:121913225_C_T	rs143301386	2e-04	2	no	chr3	121913197	121913697	IQCB1	0.604	4.23e-05	0.000591076312738456
3:121588501_G_A	rs2689279	2e-04	2	no	chr3	121588480	121588980	GOLGB1	0.594	6.36e-05	0.000827268728645577
3:121742454_C_G	rs34523061	1e-04	2	no	chr3	121742221	121742721	POLQ	0.668	1.82e-06	4.38708495729428e-05
3:121952452_G_C	rs56777297	1e-04	2	no	chr3	121952365	121952865	PDIA5	0.749	1.18e-08	6.88369731390084e-07
3:120076749_A_T	rs1259290	1e-04	2	no	chr3	120076532	120077032	NDUFB4	0.71	1.59e-07	5.86375383404599e-06
3:120154619_C_T	rs1733303	1e-04	2	no	chr3	120154302	120154802	NDUFB4	0.598	5.37e-05	0.000719648892975361
3:120235017_G_A	rs3850569	1e-04	2	no	chr3	120234914	120235414	NDUFB4	0.63	1.24e-05	0.000214253330928872
3:120235204_G_A	rs17828015	1e-04	2	no	chr3	120234914	120235414	NDUFB4	0.63	1.24e-05	0.000214253330928872
3:120235277_T_G	rs17231566	1e-04	2	no	chr3	120234914	120235414	NDUFB4	0.63	1.24e-05	0.000214253330928872
3:120287811_C_A	rs112403118	1e-04	2	no	chr3	120287461	120287961	NDUFB4	0.589	7.76e-05	0.000974741419564079
3:120404933_T_C	rs1862936	1e-04	2	no	chr3	120404653	120405153	NDUFB4	0.636	9.35e-06	0.000169723832743815
3:120043023_T_C	rs16831033	1e-04	2	no	chr3	120042964	120043464	GSK3B	0.652	4.2e-06	8.76081865711389e-05
3:120280374_T_C	rs16831500	1e-04	2	no	chr3	120280043	120280543	GSK3B	0.75	1.06e-08	6.3029004459814e-07
3:120076749_A_T	rs1259290	1e-04	2	no	chr3	120076532	120077032	TIMMDC1	0.65	4.72e-06	9.64936611567832e-05
3:120140731_A_G	rs1259295	1e-04	2	no	chr3	120140597	120141097	TIMMDC1	0.615	2.55e-05	0.000389314669876148
3:120154619_C_T	rs1733303	1e-04	2	no	chr3	120154302	120154802	TIMMDC1	0.639	8.02e-06	0.000149618820964532
3:121267733_C_T	rs11709378	1e-04	2	no	chr3	121267481	121267981	CD86	0.655	3.52e-06	7.56862958754715e-05
3:121487686_G_A	rs11719093	1e-04	2	no	chr3	121487217	121487717	CD86	0.605	3.97e-05	0.000560691311899319
3:121699238_C_A	rs2877560	1e-04	2	no	chr3	121698750	121699250	CD86	0.847	1.98e-12	5.73112547804741e-10
3:121775134_C_T	rs13082681	1e-04	2	no	chr3	121774915	121775415	CD86	0.734	3.23e-08	1.58006490310356e-06
3:121776792_G_T	rs35891398	1e-04	2	no	chr3	121776479	121776979	CD86	0.785	7.25e-10	6.97507175709424e-08
3:121265043_C_T	rs13065220	1e-04	2	no	chr3	121264651	121265151	FAM162A	0.732	3.82e-08	1.81382352929103e-06
3:121468794_G_C	rs1574133	1e-04	2	no	chr3	121468470	121468970	FAM162A	0.613	2.75e-05	0.000414323889461343
3:121320486_G_A	rs4676736	1e-04	2	no	chr3	121320090	121320590	KPNA1	0.709	1.67e-07	6.10616436487027e-06
3:121524575_G_A	rs12634032	1e-04	2	no	chr3	121524487	121524987	KPNA1	0.66	2.72e-06	6.1137545189343e-05
3:121910937_A_T	rs1973490	1e-04	2	no	chr3	121910928	121911428	KPNA1	0.646	5.76e-06	0.000113777525035657
3:121911070_A_C	rs4678035	1e-04	2	no	chr3	121910928	121911428	KPNA1	0.646	5.76e-06	0.000113777525035657
3:121786069_G_A	rs13074706	1e-04	2	no	chr3	121785909	121786409	CSTA	0.69	5.1e-07	1.5341799247086e-05
3:121952452_G_C	rs56777297	1e-04	2	no	chr3	121952365	121952865	CSTA	0.707	1.83e-07	6.58041622252585e-06
3:120142164_T_C	rs2700260	1e-04	2	no	chr3	120142062	120142562	POPDC2	0.601	4.8e-05	0.000656032965024063
3:121910937_A_T	rs1973490	1e-04	2	no	chr3	121910928	121911428	PARP9	0.602	4.46e-05	0.000617524395623278
3:121911070_A_C	rs4678035	1e-04	2	no	chr3	121910928	121911428	PARP9	0.602	4.46e-05	0.000617524395623278
3:120041431_T_C	rs34134493	1e-04	2	no	chr3	120040939	120041439	RABL3	0.665	2.16e-06	5.0515379958989e-05
3:120076749_A_T	rs1259290	1e-04	2	no	chr3	120076532	120077032	RABL3	0.804	1.46e-10	1.8878379953753e-08
3:120126377_T_C	rs1147702	1e-04	2	no	chr3	120125925	120126425	RABL3	0.705	2.08e-07	7.31920746388138e-06
3:120280374_T_C	rs16831500	1e-04	2	no	chr3	120280043	120280543	RABL3	0.655	3.55e-06	7.62190946271099e-05
3:120482523_A_G	rs55831173	1e-04	2	no	chr3	120482493	120482993	RABL3	0.595	6.12e-05	0.000801428440463354
3:120482566_C_T	rs56406902	1e-04	2	no	chr3	120482493	120482993	RABL3	0.595	6.12e-05	0.000801428440463354
3:120177100_A_T	rs1270209	1e-04	2	no	chr3	120177063	120177563	NR1I2	0.728	5.06e-08	2.28573188644131e-06
3:120177510_A_G	rs1259310	1e-04	2	no	chr3	120177063	120177563	NR1I2	0.728	5.06e-08	2.28573188644131e-06
3:120948203_T_C	rs338978	1e-04	2	no	chr3	120947751	120948251	EAF2	0.63	1.27e-05	0.00021853051725136
3:121721995_C_T	rs2332032	1e-04	2	no	chr3	121721850	121722350	EAF2	0.851	1.14e-12	3.66034681328953e-10
3:121913374_G_C	rs4678038	1e-04	2	no	chr3	121913197	121913697	EAF2	0.672	1.45e-06	3.63378251254448e-05
3:121952452_G_C	rs56777297	1e-04	2	no	chr3	121952365	121952865	EAF2	0.648	5.19e-06	0.000104409137867586
3:121966240_T_C	rs58191316	1e-04	2	no	chr3	121966210	121966710	EAF2	0.634	1.06e-05	0.000188196042190854
3:121966370_C_T	rs4677907	1e-04	2	no	chr3	121966210	121966710	EAF2	0.634	1.06e-05	0.000188196042190854
3:120041431_T_C	rs34134493	1e-04	2	no	chr3	120040939	120041439	GTF2E1	0.637	9.07e-06	0.000165558407426778
3:120076749_A_T	rs1259290	1e-04	2	no	chr3	120076532	120077032	GTF2E1	0.653	3.98e-06	8.38006219030198e-05
3:120087041_A_T	rs16831067	1e-04	2	no	chr3	120086965	120087465	GTF2E1	0.648	5.24e-06	0.000105227020655154
3:120087337_C_T	rs1147691	1e-04	2	no	chr3	120086965	120087465	GTF2E1	0.648	5.24e-06	0.000105227020655154
3:120126377_T_C	rs1147702	1e-04	2	no	chr3	120125925	120126425	GTF2E1	0.699	3.13e-07	1.02514163315176e-05
3:121350573_A_G	rs1128163	1e-04	2	no	chr3	121350537	121351037	GTF2E1	0.596	5.96e-05	0.000784123467278683
3:121487686_G_A	rs11719093	1e-04	2	no	chr3	121487217	121487717	SLC15A2	0.729	4.69e-08	2.14824010817987e-06
3:121721995_C_T	rs2332032	1e-04	2	no	chr3	121721850	121722350	SLC15A2	0.74	2.15e-08	1.1290672047567e-06
3:121913374_G_C	rs4678038	1e-04	2	no	chr3	121913197	121913697	SLC15A2	0.601	4.76e-05	0.000651537617911129
3:120140042_C_A	rs36068602	1e-04	2	no	chr3	120139712	120140212	FSTL1	0.799	2.23e-10	2.66373626009398e-08
3:120154619_C_T	rs1733303	1e-04	2	no	chr3	120154302	120154802	FSTL1	0.667	1.93e-06	4.60480404036849e-05
3:120948203_T_C	rs338978	1e-04	2	no	chr3	120947751	120948251	FSTL1	0.658	3.03e-06	6.68570273203149e-05
3:120457192_T_C	rs112320569	1e-04	2	no	chr3	120456744	120457244	FBXO40	0.614	2.69e-05	0.000406840901259616
3:121265522_A_C	rs11714774	1e-04	2	no	chr3	121265450	121265950	FBXO40	0.601	4.81e-05	0.000657127497569495
3:121265913_T_C	rs587553	1e-04	2	no	chr3	121265450	121265950	FBXO40	0.601	4.81e-05	0.000657127497569495
3:121954077_G_T	rs1354162	1e-04	2	no	chr3	121953858	121954358	FBXO40	0.648	5.2e-06	0.00010457651753455
3:121954311_C_T	rs34079990	1e-04	2	no	chr3	121953858	121954358	FBXO40	0.648	5.2e-06	0.00010457651753455
3:121913374_G_C	rs4678038	1e-04	2	no	chr3	121913197	121913697	IQCB1	0.604	4.23e-05	0.000591076312738456
3:121965246_A_T	rs13326577	1e-04	2	no	chr3	121965019	121965519	GOLGB1	0.609	3.38e-05	0.000491238219265007
3:121965400_C_G	rs12490557	1e-04	2	no	chr3	121965019	121965519	GOLGB1	0.609	3.38e-05	0.000491238219265007
3:120131762_G_T	rs13097755	1e-04	2	no	chr3	120131727	120132227	TMEM39A	0.667	1.94e-06	4.62398193586127e-05
3:120131913_T_C	rs13081675	1e-04	2	no	chr3	120131727	120132227	TMEM39A	0.667	1.94e-06	4.62398193586127e-05
3:120131950_T_C	rs13081694	1e-04	2	no	chr3	120131727	120132227	TMEM39A	0.667	1.94e-06	4.62398193586127e-05
3:120132180_C_T	rs56100867	1e-04	2	no	chr3	120131727	120132227	TMEM39A	0.667	1.94e-06	4.62398193586127e-05
3:121468794_G_C	rs1574133	1e-04	2	no	chr3	121468470	121468970	WDR5B	0.602	4.49e-05	0.000620893884286999
3:128316890_C_A	rs2712431	0.0647	3	no	chr3	128316405	128316905	MCM2	0.68	9.54e-07	2.57242835653516e-05
3:128316890_C_A	rs2712431	0.0647	3	no	chr3	128316405	128316905	RPN1	0.618	2.22e-05	0.000347249548586704
3:128316890_C_A	rs2712431	0.0647	3	no	chr3	128316405	128316905	IFT122	0.763	4e-09	2.832084685583e-07
3:128316890_C_A	rs2712431	0.0647	3	no	chr3	128316405	128316905	ACAD9	0.635	9.84e-06	0.000177062764883029
3:128338748_T_C	rs6782407	0.0062	3	no	chr3	128338293	128338793	RAB7A	0.813	5.93e-11	9.05401911275823e-09
3:128292858_T_C	rs6762732	0.0026	3	no	chr3	128292497	128292997	MCM2	0.695	3.86e-07	1.21825437802705e-05
3:128292858_T_C	rs6762732	0.0026	3	no	chr3	128292497	128292997	MGLL	0.735	3.11e-08	1.53130694271815e-06
3:128292858_T_C	rs6762732	0.0026	3	no	chr3	128292497	128292997	TPRA1	0.652	4.3e-06	8.93163401356761e-05
3:128292858_T_C	rs6762732	0.0026	3	no	chr3	128292497	128292997	IFT122	0.84	4.25e-12	1.06920779325129e-09
3:128292858_T_C	rs6762732	0.0026	3	no	chr3	128292497	128292997	ACAD9	0.699	2.98e-07	9.84210307529212e-06
3:128292858_T_C	rs6762732	0.0026	3	no	chr3	128292497	128292997	GATA2	0.801	1.8e-10	2.23716767600045e-08
3:128420434_C_T	rs3935016	0.0024	3	no	chr3	128420369	128420869	RAB7A	0.768	2.7e-09	2.05218003782944e-07
3:128420557_G_A	rs6439142	0.0024	3	no	chr3	128420369	128420869	RAB7A	0.768	2.7e-09	2.05218003782944e-07
3:128420434_C_T	rs3935016	0.0024	3	no	chr3	128420369	128420869	RPN1	0.689	5.52e-07	1.63762057831012e-05
3:128420557_G_A	rs6439142	0.0024	3	no	chr3	128420369	128420869	RPN1	0.689	5.52e-07	1.63762057831012e-05
3:128420434_C_T	rs3935016	0.0024	3	no	chr3	128420369	128420869	COPG1	0.739	2.35e-08	1.21481938910948e-06
3:128420557_G_A	rs6439142	0.0024	3	no	chr3	128420369	128420869	COPG1	0.739	2.35e-08	1.21481938910948e-06
3:128420534_T_C	rs6439141	0.0022	3	no	chr3	128420369	128420869	RAB7A	0.768	2.7e-09	2.05218003782944e-07
3:128420534_T_C	rs6439141	0.0022	3	no	chr3	128420369	128420869	RPN1	0.689	5.52e-07	1.63762057831012e-05
3:128420534_T_C	rs6439141	0.0022	3	no	chr3	128420369	128420869	COPG1	0.739	2.35e-08	1.21481938910948e-06
3:128338600_A_C	rs2712381	0.0014	3	no	chr3	128338293	128338793	RAB7A	0.813	5.93e-11	9.05401911275823e-09
3:128370510_T_C	rs10934859	0.0011	3	no	chr3	128370109	128370609	RAB7A	0.59	7.48e-05	0.000945661811899134
3:160139696_G_A	rs6441319	0.0056	4	no	chr3	160139323	160139823	SMC4	0.622	1.88e-05	0.000302598418768921
3:160119525_G_A	rs41272947	0.0055	4	no	chr3	160119502	160120002	SMC4	0.633	1.07e-05	0.000189642885624746
3:160119525_G_A	rs41272947	0.0055	4	no	chr3	160119502	160120002	PPM1L	0.611	3.04e-05	0.000450062879361805
3:160278478_C_T	rs1317365	0.003	4	no	chr3	160278398	160278898	IFT80	0.751	1.02e-08	6.10776292633122e-07
3:160278478_C_T	rs1317365	0.003	4	no	chr3	160278398	160278898	SMC4	0.662	2.47e-06	5.64324800104471e-05
3:160278478_C_T	rs1317365	0.003	4	no	chr3	160278398	160278898	KPNA4	0.618	2.23e-05	0.000348522937840473
3:160278478_C_T	rs1317365	0.003	4	no	chr3	160278398	160278898	TRIM59	0.688	5.94e-07	1.74017578666182e-05
3:160153305_A_G	rs7629	0.0022	4	no	chr3	160153053	160153553	IFT80	0.642	6.99e-06	0.000133492034005957
3:160153305_A_G	rs7629	0.0022	4	no	chr3	160153053	160153553	SMC4	0.645	5.86e-06	0.000115423905537028
3:160153305_A_G	rs7629	0.0022	4	no	chr3	160153053	160153553	NMD3	0.589	7.84e-05	0.000982881951381146
3:160153305_A_G	rs7629	0.0022	4	no	chr3	160153053	160153553	TRIM59	0.675	1.26e-06	3.23583701412306e-05
3:160148756_C_T	rs7631792	0.002	4	no	chr3	160148257	160148757	SMC4	0.671	1.5e-06	3.73923313379773e-05
3:160148756_C_T	rs7631792	0.002	4	no	chr3	160148257	160148757	TRIM59	0.672	1.49e-06	3.718603454199e-05
3:160601327_A_G	rs6785844	0.0018	4	no	chr3	160601160	160601660	SMC4	0.604	4.2e-05	0.000587635865145581
3:160130110_G_A	rs2305407	0.0016	4	no	chr3	160129733	160130233	SMC4	0.658	3.01e-06	6.64882029662732e-05
3:160131667_T_G	rs1451761	0.0016	4	no	chr3	160131339	160131839	B3GALNT1	0.785	7.23e-10	6.96009208196833e-08
3:160131667_T_G	rs1451761	0.0016	4	no	chr3	160131339	160131839	C3orf80	0.649	4.9e-06	9.95633897724166e-05
3:160131576_G_C	rs1451762	0.0014	4	no	chr3	160131339	160131839	B3GALNT1	0.785	7.23e-10	6.96009208196833e-08
3:160131576_G_C	rs1451762	0.0014	4	no	chr3	160131339	160131839	C3orf80	0.649	4.9e-06	9.95633897724166e-05
3:160171453_C_T	rs6808083	0.0014	4	no	chr3	160171214	160171714	TRIM59	0.676	1.16e-06	3.02209416369467e-05
3:160061145_G_A	rs6441314	0.0012	4	no	chr3	160060856	160061356	IL12A	0.705	2.13e-07	7.46426279730805e-06
3:160061145_G_A	rs6441314	0.0012	4	no	chr3	160060856	160061356	NMD3	0.652	4.3e-06	8.93163401356761e-05
3:160029964_G_C	rs55687857	0.0011	4	no	chr3	160029814	160030314	IFT80	0.646	5.68e-06	0.000112465256440438
3:160029964_G_C	rs55687857	0.0011	4	no	chr3	160029814	160030314	SMC4	0.605	3.95e-05	0.000558344666468637
3:160029964_G_C	rs55687857	0.0011	4	no	chr3	160029814	160030314	NMD3	0.707	1.84e-07	6.61147509709911e-06
3:160029964_G_C	rs55687857	0.0011	4	no	chr3	160029814	160030314	B3GALNT1	0.633	1.11e-05	0.00019552554062846
3:160276067_A_C	rs7643779	9e-04	4	no	chr3	160275979	160276479	SMC4	0.59	7.47e-05	0.000944567665735472
3:160165608_G_T	rs17236473	8e-04	4	no	chr3	160165336	160165836	TRIM59	0.7	2.83e-07	9.43357005296408e-06
3:160154258_A_C	rs1047210	7e-04	4	no	chr3	160154094	160154594	IFT80	0.672	1.43e-06	3.59285780674564e-05
3:160154258_A_C	rs1047210	7e-04	4	no	chr3	160154094	160154594	SMC4	0.88	3.03e-14	1.89666702073395e-11
3:160255705_T_C	rs7647873	7e-04	4	no	chr3	160255517	160256017	SMC4	0.717	9.84e-08	3.95081138207551e-06
3:160154258_A_C	rs1047210	7e-04	4	no	chr3	160154094	160154594	TRIM59	0.743	1.71e-08	9.34657264640849e-07
3:159577652_C_T	rs62270404	6e-04	4	no	chr3	159577265	159577765	SMC4	0.687	6.12e-07	1.78317120277522e-05
3:159577652_C_T	rs62270404	6e-04	4	no	chr3	159577265	159577765	SCHIP1	0.84	4.16e-12	1.05081226129358e-09
3:160133339_T_C	rs12632030	6e-04	4	no	chr3	160133214	160133714	NMD3	0.618	2.17e-05	0.000340782456364966
3:160133339_T_C	rs12632030	6e-04	4	no	chr3	160133214	160133714	B3GALNT1	0.638	8.44e-06	0.000156007582349199
3:160352568_G_A	rs1920660	5e-04	4	no	chr3	160352206	160352706	TRIM59	0.653	4.05e-06	8.50270765042181e-05
3:159942445_G_A	rs2152426	4e-04	4	no	chr3	159941988	159942488	SCHIP1	0.705	2.09e-07	7.34804826323614e-06
3:159942445_G_A	rs2152426	4e-04	4	no	chr3	159941988	159942488	B3GALNT1	0.721	7.55e-08	3.17679569332412e-06
3:159942445_G_A	rs2152426	4e-04	4	no	chr3	159941988	159942488	C3orf80	0.764	3.95e-09	2.80372286598491e-07
3:160285898_C_T	rs4679895	3e-04	4	no	chr3	160285561	160286061	IFT80	0.595	6.16e-05	0.000805688036289737
3:159568534_G_A	rs62270401	3e-04	4	no	chr3	159568236	159568736	SCHIP1	0.784	7.76e-10	7.38306404912874e-08
3:160209026_A_T	rs1369666	3e-04	4	no	chr3	160208728	160209228	NMD3	0.59	7.45e-05	0.000942551640321903
3:160285898_C_T	rs4679895	3e-04	4	no	chr3	160285561	160286061	TRIM59	0.65	4.56e-06	9.37799315690271e-05
3:160121839_C_A	rs10936201	2e-04	4	no	chr3	160121486	160121986	IFT80	0.774	1.7e-09	1.40395076176318e-07
3:160121839_C_A	rs10936201	2e-04	4	no	chr3	160121486	160121986	SMC4	0.667	1.88e-06	4.50626579079426e-05
3:159482089_C_G	rs6763138	2e-04	4	no	chr3	159481753	159482253	SCHIP1	0.746	1.44e-08	8.11631087579686e-07
3:159565409_G_C	rs11928736	2e-04	4	no	chr3	159565001	159565501	SCHIP1	0.734	3.28e-08	1.60027714248658e-06
3:159578542_A_G	rs16847223	2e-04	4	no	chr3	159578507	159579007	SCHIP1	0.949	2.85e-20	2.16170826743467e-16
3:159565409_G_C	rs11928736	2e-04	4	no	chr3	159565001	159565501	IL12A	0.742	1.9e-08	1.01932553544829e-06
3:160121839_C_A	rs10936201	2e-04	4	no	chr3	160121486	160121986	IL12A	0.589	7.84e-05	0.000982881951381146
3:160121839_C_A	rs10936201	2e-04	4	no	chr3	160121486	160121986	NMD3	0.813	6.21e-11	9.39156673772769e-09
3:159482089_C_G	rs6763138	2e-04	4	no	chr3	159481753	159482253	C3orf80	0.869	1.35e-13	6.4182374237879e-11
3:160121839_C_A	rs10936201	2e-04	4	no	chr3	160121486	160121986	KPNA4	0.665	2.12e-06	4.97488165753308e-05
3:160171476_G_T	rs11709232	2e-04	4	no	chr3	160171214	160171714	TRIM59	0.676	1.16e-06	3.02209416369467e-05
3:159518400_G_T	rs12491535	1e-04	4	no	chr3	159518096	159518596	IFT80	0.682	8.31e-07	2.29586979438353e-05
3:159743657_A_G	rs73027845	1e-04	4	no	chr3	159743518	159744018	IFT80	0.709	1.64e-07	6.01540466877181e-06
3:160410849_A_G	rs9857284	1e-04	4	no	chr3	160410402	160410902	IFT80	0.739	2.26e-08	1.17657127687587e-06
3:160425512_C_T	rs7634059	1e-04	4	no	chr3	160425117	160425617	IFT80	0.675	1.25e-06	3.21443410754499e-05
3:160438037_G_A	rs9879415	1e-04	4	no	chr3	160438004	160438504	IFT80	0.602	4.58e-05	0.000631149177646797
3:159390711_G_T	rs76676906	1e-04	4	no	chr3	159390479	159390979	LXN	0.743	1.79e-08	9.70314708277095e-07
3:159518400_G_T	rs12491535	1e-04	4	no	chr3	159518096	159518596	SMC4	0.84	4.06e-12	1.02980971793778e-09
3:159577518_G_A	rs78811256	1e-04	4	no	chr3	159577265	159577765	SMC4	0.687	6.12e-07	1.78317120277522e-05
3:159655514_C_T	rs74647026	1e-04	4	no	chr3	159655498	159655998	SMC4	0.623	1.78e-05	0.00028930278121149
3:159743657_A_G	rs73027845	1e-04	4	no	chr3	159743518	159744018	SMC4	0.87	1.26e-13	6.06463358225366e-11
3:159947100_G_T	rs12632224	1e-04	4	no	chr3	159946712	159947212	SMC4	0.722	7.08e-08	3.01280723568601e-06
3:160351187_C_A	rs4679906	1e-04	4	no	chr3	160351135	160351635	SMC4	0.753	8.33e-09	5.17266044503364e-07
3:160351401_C_A	rs4679907	1e-04	4	no	chr3	160351135	160351635	SMC4	0.753	8.33e-09	5.17266044503364e-07
3:160457351_C_T	rs9849216	1e-04	4	no	chr3	160456860	160457360	SMC4	0.641	7.38e-06	0.000139615594677172
3:160529364_A_G	rs77963192	1e-04	4	no	chr3	160529112	160529612	SMC4	0.666	2.01e-06	4.76093943649649e-05
3:159393966_G_A	rs76799920	1e-04	4	no	chr3	159393827	159394327	SCHIP1	0.721	7.55e-08	3.17679569332412e-06
3:159577518_G_A	rs78811256	1e-04	4	no	chr3	159577265	159577765	SCHIP1	0.84	4.16e-12	1.05081226129358e-09
3:159759401_T_C	rs7618691	1e-04	4	no	chr3	159759207	159759707	SCHIP1	0.698	3.25e-07	1.05706758945115e-05
3:159783425_T_C	rs79036123	1e-04	4	no	chr3	159783062	159783562	SCHIP1	0.624	1.66e-05	0.000273070592647273
3:159759401_T_C	rs7618691	1e-04	4	no	chr3	159759207	159759707	IL12A	0.671	1.57e-06	3.88356773086343e-05
3:160355942_G_T	rs11713230	1e-04	4	no	chr3	160355931	160356431	IL12A	0.616	2.46e-05	0.000377915654298029
3:160425512_C_T	rs7634059	1e-04	4	no	chr3	160425117	160425617	IL12A	0.652	4.27e-06	8.88016564307457e-05
3:160455885_G_A	rs9843371	1e-04	4	no	chr3	160455825	160456325	IL12A	0.795	3.04e-10	3.42975768880043e-08
3:160209015_C_T	rs115700676	1e-04	4	no	chr3	160208728	160209228	NMD3	0.59	7.45e-05	0.000942551640321903
3:160210802_G_A	rs9819482	1e-04	4	no	chr3	160210753	160211253	NMD3	0.671	1.52e-06	3.78032124557979e-05
3:160410849_A_G	rs9857284	1e-04	4	no	chr3	160410402	160410902	NMD3	0.632	1.12e-05	0.000196987307557232
3:160425512_C_T	rs7634059	1e-04	4	no	chr3	160425117	160425617	NMD3	0.825	1.93e-11	3.64507009695774e-09
3:160455885_G_A	rs9843371	1e-04	4	no	chr3	160455825	160456325	NMD3	0.723	6.85e-08	2.932063983839e-06
3:160466753_G_A	rs9869775	1e-04	4	no	chr3	160466485	160466985	NMD3	0.663	2.32e-06	5.35767371887502e-05
3:160355942_G_T	rs11713230	1e-04	4	no	chr3	160355931	160356431	B3GALNT1	0.622	1.86e-05	0.000299961679690686
3:160465391_G_A	rs77456821	1e-04	4	no	chr3	160465199	160465699	B3GALNT1	0.708	1.75e-07	6.34384029141196e-06
3:160465417_T_C	rs78437613	1e-04	4	no	chr3	160465199	160465699	B3GALNT1	0.708	1.75e-07	6.34384029141196e-06
3:159759401_T_C	rs7618691	1e-04	4	no	chr3	159759207	159759707	C3orf80	0.842	3.24e-12	8.54806992888304e-10
3:159783425_T_C	rs79036123	1e-04	4	no	chr3	159783062	159783562	C3orf80	0.682	8.15e-07	2.25894767352939e-05
3:160410849_A_G	rs9857284	1e-04	4	no	chr3	160410402	160410902	KPNA4	0.773	1.97e-09	1.58245050220768e-07
3:160425512_C_T	rs7634059	1e-04	4	no	chr3	160425117	160425617	KPNA4	0.816	4.65e-11	7.43803752015282e-09
3:160438037_G_A	rs9879415	1e-04	4	no	chr3	160438004	160438504	KPNA4	0.679	1e-06	2.67177043299728e-05
3:160502975_A_G	rs77255644	1e-04	4	no	chr3	160502662	160503162	SPTSSB	0.815	5.34e-11	8.32462089335504e-09
3:160511825_C_T	rs115233964	1e-04	4	no	chr3	160511571	160512071	SPTSSB	0.766	3.25e-09	2.38829611966176e-07
3:159518400_G_T	rs12491535	1e-04	4	no	chr3	159518096	159518596	TRIM59	0.625	1.62e-05	0.000267560425211269
3:159655514_C_T	rs74647026	1e-04	4	no	chr3	159655498	159655998	TRIM59	0.621	1.91e-05	0.000306611938120941
3:159743657_A_G	rs73027845	1e-04	4	no	chr3	159743518	159744018	TRIM59	0.681	8.79e-07	2.40416476093768e-05
3:159947100_G_T	rs12632224	1e-04	4	no	chr3	159946712	159947212	TRIM59	0.615	2.58e-05	0.000393089067443019
3:160351187_C_A	rs4679906	1e-04	4	no	chr3	160351135	160351635	TRIM59	0.772	2.07e-09	1.6484107797891e-07
3:160351401_C_A	rs4679907	1e-04	4	no	chr3	160351135	160351635	TRIM59	0.772	2.07e-09	1.6484107797891e-07
3:160352319_C_T	rs13065269	1e-04	4	no	chr3	160352206	160352706	TRIM59	0.653	4.05e-06	8.50270765042181e-05
3:160457351_C_T	rs9849216	1e-04	4	no	chr3	160456860	160457360	TRIM59	0.76	5.08e-09	3.44632533380742e-07
3:160529364_A_G	rs77963192	1e-04	4	no	chr3	160529112	160529612	TRIM59	0.709	1.67e-07	6.10616436487027e-06
3:160139696_G_A	rs6441319	0.0238	5	no	chr3	160139323	160139823	SMC4	0.622	1.88e-05	0.000302598418768921
3:160119525_G_A	rs41272947	0.0226	5	no	chr3	160119502	160120002	SMC4	0.633	1.07e-05	0.000189642885624746
3:160119525_G_A	rs41272947	0.0226	5	no	chr3	160119502	160120002	PPM1L	0.611	3.04e-05	0.000450062879361805
3:160153305_A_G	rs7629	0.0081	5	no	chr3	160153053	160153553	IFT80	0.642	6.99e-06	0.000133492034005957
3:160153305_A_G	rs7629	0.0081	5	no	chr3	160153053	160153553	SMC4	0.645	5.86e-06	0.000115423905537028
3:160153305_A_G	rs7629	0.0081	5	no	chr3	160153053	160153553	NMD3	0.589	7.84e-05	0.000982881951381146
3:160153305_A_G	rs7629	0.0081	5	no	chr3	160153053	160153553	TRIM59	0.675	1.26e-06	3.23583701412306e-05
3:160148756_C_T	rs7631792	0.0071	5	no	chr3	160148257	160148757	SMC4	0.671	1.5e-06	3.73923313379773e-05
3:160148756_C_T	rs7631792	0.0071	5	no	chr3	160148257	160148757	TRIM59	0.672	1.49e-06	3.718603454199e-05
3:160278478_C_T	rs1317365	0.0056	5	no	chr3	160278398	160278898	IFT80	0.751	1.02e-08	6.10776292633122e-07
3:160278478_C_T	rs1317365	0.0056	5	no	chr3	160278398	160278898	SMC4	0.662	2.47e-06	5.64324800104471e-05
3:160278478_C_T	rs1317365	0.0056	5	no	chr3	160278398	160278898	KPNA4	0.618	2.23e-05	0.000348522937840473
3:160278478_C_T	rs1317365	0.0056	5	no	chr3	160278398	160278898	TRIM59	0.688	5.94e-07	1.74017578666182e-05
3:160130110_G_A	rs2305407	0.0045	5	no	chr3	160129733	160130233	SMC4	0.658	3.01e-06	6.64882029662732e-05
3:160131667_T_G	rs1451761	0.0045	5	no	chr3	160131339	160131839	B3GALNT1	0.785	7.23e-10	6.96009208196833e-08
3:160131667_T_G	rs1451761	0.0045	5	no	chr3	160131339	160131839	C3orf80	0.649	4.9e-06	9.95633897724166e-05
3:160131576_G_C	rs1451762	0.0041	5	no	chr3	160131339	160131839	B3GALNT1	0.785	7.23e-10	6.96009208196833e-08
3:160131576_G_C	rs1451762	0.0041	5	no	chr3	160131339	160131839	C3orf80	0.649	4.9e-06	9.95633897724166e-05
3:160171453_C_T	rs6808083	0.0041	5	no	chr3	160171214	160171714	TRIM59	0.676	1.16e-06	3.02209416369467e-05
3:160165608_G_T	rs17236473	0.004	5	no	chr3	160165336	160165836	TRIM59	0.7	2.83e-07	9.43357005296408e-06
3:160154258_A_C	rs1047210	0.0032	5	no	chr3	160154094	160154594	IFT80	0.672	1.43e-06	3.59285780674564e-05
3:160154258_A_C	rs1047210	0.0032	5	no	chr3	160154094	160154594	SMC4	0.88	3.03e-14	1.89666702073395e-11
3:160154258_A_C	rs1047210	0.0032	5	no	chr3	160154094	160154594	TRIM59	0.743	1.71e-08	9.34657264640849e-07
3:160061145_G_A	rs6441314	0.003	5	no	chr3	160060856	160061356	IL12A	0.705	2.13e-07	7.46426279730805e-06
3:160061145_G_A	rs6441314	0.003	5	no	chr3	160060856	160061356	NMD3	0.652	4.3e-06	8.93163401356761e-05
3:160029964_G_C	rs55687857	0.0025	5	no	chr3	160029814	160030314	IFT80	0.646	5.68e-06	0.000112465256440438
3:160029964_G_C	rs55687857	0.0025	5	no	chr3	160029814	160030314	SMC4	0.605	3.95e-05	0.000558344666468637
3:160029964_G_C	rs55687857	0.0025	5	no	chr3	160029814	160030314	NMD3	0.707	1.84e-07	6.61147509709911e-06
3:160029964_G_C	rs55687857	0.0025	5	no	chr3	160029814	160030314	B3GALNT1	0.633	1.11e-05	0.00019552554062846
3:160133339_T_C	rs12632030	0.002	5	no	chr3	160133214	160133714	NMD3	0.618	2.17e-05	0.000340782456364966
3:160133339_T_C	rs12632030	0.002	5	no	chr3	160133214	160133714	B3GALNT1	0.638	8.44e-06	0.000156007582349199
3:160276067_A_C	rs7643779	0.0016	5	no	chr3	160275979	160276479	SMC4	0.59	7.47e-05	0.000944567665735472
3:168822748_G_T	rs13327022	0.0307	6	no	chr3	168822260	168822760	MECOM	0.953	7.98e-21	7.74400196981008e-17
5:1109314_G_C	rs4458624	0.0564	8	no	chr5	1108850	1109350	SLC12A7	0.639	7.96e-06	0.000148686955214014
5:1109314_G_C	rs4458624	0.0564	8	no	chr5	1108850	1109350	NDUFS6	0.657	3.26e-06	7.10472951040494e-05
5:1104938_C_T	rs35188965	0.0266	8	no	chr5	1104668	1105168	SLC12A7	0.783	8.25e-10	7.76219289716437e-08
5:1104938_C_T	rs35188965	0.0266	8	no	chr5	1104668	1105168	NDUFS6	0.636	9.55e-06	0.000172761199144925
5:1104938_C_T	rs35188965	0.0266	8	no	chr5	1104668	1105168	PLEKHG4B	0.647	5.49e-06	0.000109368071897244
5:1113415_T_A	rs4554271	0.0104	8	no	chr5	1113029	1113529	TRIP13	0.593	6.74e-05	0.000867967783035693
5:1113415_T_A	rs4554271	0.0104	8	no	chr5	1113029	1113529	SLC12A7	0.612	2.86e-05	0.000428012094921737
5:1113415_T_A	rs4554271	0.0104	8	no	chr5	1113029	1113529	NDUFS6	0.822	2.55e-11	4.57161276086416e-09
5:1113415_T_A	rs4554271	0.0104	8	no	chr5	1113029	1113529	PLEKHG4B	0.78	1.07e-09	9.60316329755142e-08
5:1110797_T_C	rs6864465	0.0022	8	no	chr5	1110404	1110904	MRPL36	0.645	6.08e-06	0.000118968887159925
5:1113486_T_G	rs6880997	0.0011	8	no	chr5	1113029	1113529	TRIP13	0.593	6.74e-05	0.000867967783035693
5:1113486_T_G	rs6880997	0.0011	8	no	chr5	1113029	1113529	SLC12A7	0.612	2.86e-05	0.000428012094921737
5:1113486_T_G	rs6880997	0.0011	8	no	chr5	1113029	1113529	NDUFS6	0.822	2.55e-11	4.57161276086416e-09
5:1113486_T_G	rs6880997	0.0011	8	no	chr5	1113029	1113529	PLEKHG4B	0.78	1.07e-09	9.60316329755142e-08
5:1113244_G_T	rs4580814	0.001	8	no	chr5	1113029	1113529	TRIP13	0.593	6.74e-05	0.000867967783035693
5:1113500_G_A	rs6895108	0.001	8	no	chr5	1113029	1113529	TRIP13	0.593	6.74e-05	0.000867967783035693
5:1113244_G_T	rs4580814	0.001	8	no	chr5	1113029	1113529	SLC12A7	0.612	2.86e-05	0.000428012094921737
5:1113500_G_A	rs6895108	0.001	8	no	chr5	1113029	1113529	SLC12A7	0.612	2.86e-05	0.000428012094921737
5:1113244_G_T	rs4580814	0.001	8	no	chr5	1113029	1113529	NDUFS6	0.822	2.55e-11	4.57161276086416e-09
5:1113500_G_A	rs6895108	0.001	8	no	chr5	1113029	1113529	NDUFS6	0.822	2.55e-11	4.57161276086416e-09
5:1113244_G_T	rs4580814	0.001	8	no	chr5	1113029	1113529	PLEKHG4B	0.78	1.07e-09	9.60316329755142e-08
5:1113500_G_A	rs6895108	0.001	8	no	chr5	1113029	1113529	PLEKHG4B	0.78	1.07e-09	9.60316329755142e-08
5:1138335_T_G	rs4131149	0.3209	9	no	chr5	1138108	1138608	SLC12A7	0.733	3.48e-08	1.68033778078474e-06
5:1138335_T_G	rs4131149	0.3209	9	no	chr5	1138108	1138608	PLEKHG4B	0.638	8.37e-06	0.000154951533373776
5:1140502_T_C	rs4074688	0.0678	9	no	chr5	1140255	1140755	PLEKHG4B	0.596	5.97e-05	0.000785163599300979
6:34208190_T_C	rs73744859	0.0063	13	no	chr6	34207974	34208474	PACSIN1	0.663	2.41e-06	5.52971383707774e-05
6:34207990_C_T	rs114344942	0.0057	13	no	chr6	34207974	34208474	PACSIN1	0.663	2.41e-06	5.52971383707774e-05
7:130742066_A_G	rs7803075	0.1947	15	no	chr7	130741871	130742371	PODXL	0.704	2.2e-07	7.66673582717069e-06
9:135879542_C_T	rs524137	0.2707	17	no	chr9	135879501	135880001	GBGT1	0.647	5.33e-06	0.000106727753762268
9:135879542_C_T	rs524137	0.2707	17	no	chr9	135879501	135880001	GFI1B	0.883	2e-14	1.35140260529238e-11
9:135870130_C_G	rs621940	0.0578	17	no	chr9	135869894	135870394	GFI1B	0.62	2.01e-05	0.00031988835640973
13:41223110_C_T	rs1334241	0.0259	20	no	chr13	41222983	41223483	MRPS31	0.721	7.93e-08	3.30716478851206e-06
13:41223110_C_T	rs1334241	0.0259	20	no	chr13	41222983	41223483	MTRF1	0.693	4.32e-07	1.33696222477284e-05
13:41223110_C_T	rs1334241	0.0259	20	no	chr13	41222983	41223483	KBTBD7	0.849	1.59e-12	4.8041434457014e-10
13:41223110_C_T	rs1334241	0.0259	20	no	chr13	41222983	41223483	COG6	0.694	4.02e-07	1.26055262516411e-05
13:41223110_C_T	rs1334241	0.0259	20	no	chr13	41222983	41223483	FOXO1	0.636	9.6e-06	0.000173505890345946
13:41223110_C_T	rs1334241	0.0259	20	no	chr13	41222983	41223483	KBTBD6	0.648	5.1e-06	0.000102880852593475
13:41223110_C_T	rs1334241	0.0259	20	no	chr13	41222983	41223483	NAA16	0.647	5.53e-06	0.000110026747059325
13:41234763_G_A	rs9549254	0.0181	20	no	chr13	41234281	41234781	MRPS31	0.627	1.43e-05	0.000241269225957236
13:41234763_G_A	rs9549254	0.0181	20	no	chr13	41234281	41234781	MTRF1	0.685	6.87e-07	1.96183327094647e-05
13:41234763_G_A	rs9549254	0.0181	20	no	chr13	41234281	41234781	WBP4	0.638	8.61e-06	0.000158579561787139
13:41234763_G_A	rs9549254	0.0181	20	no	chr13	41234281	41234781	KBTBD7	0.714	1.21e-07	4.68012502062484e-06
13:41234763_G_A	rs9549254	0.0181	20	no	chr13	41234281	41234781	NAA16	0.636	9.47e-06	0.000171552894248651
13:41186501_G_A	rs10507486	0.0176	20	no	chr13	41186180	41186680	MRPS31	0.707	1.85e-07	6.64125938692141e-06
13:41186501_G_A	rs10507486	0.0176	20	no	chr13	41186180	41186680	MTRF1	0.675	1.23e-06	3.1716797599236e-05
13:41186501_G_A	rs10507486	0.0176	20	no	chr13	41186180	41186680	WBP4	0.632	1.16e-05	0.000202807421327622
13:41186501_G_A	rs10507486	0.0176	20	no	chr13	41186180	41186680	KBTBD7	0.705	2.18e-07	7.60852989822979e-06
13:41186501_G_A	rs10507486	0.0176	20	no	chr13	41186180	41186680	FOXO1	0.611	3.06e-05	0.000452522291499932
13:41186501_G_A	rs10507486	0.0176	20	no	chr13	41186180	41186680	NAA16	0.739	2.38e-08	1.22765414160162e-06
13:41171036_G_A	rs61963266	0.0146	20	no	chr13	41170603	41171103	MTRF1	0.615	2.52e-05	0.00038551046658768
13:41171036_G_A	rs61963266	0.0146	20	no	chr13	41170603	41171103	FOXO1	0.628	1.37e-05	0.000232769589241955
13:41171036_G_A	rs61963266	0.0146	20	no	chr13	41170603	41171103	NAA16	0.676	1.19e-06	3.08694324987215e-05
13:41236407_G_A	rs9532578	0.0132	20	no	chr13	41235958	41236458	MTRF1	0.612	2.88e-05	0.000430415605493672
13:41173408_G_C	rs4943794	0.0128	20	no	chr13	41173277	41173777	MTRF1	0.776	1.47e-09	1.24641911633834e-07
13:41173408_G_C	rs4943794	0.0128	20	no	chr13	41173277	41173777	NAA16	0.638	8.47e-06	0.000156461310265973
14:101178067_G_C	rs1004574	0.0414	22	no	chr14	101177853	101178353	SLC25A29	0.617	2.31e-05	0.000358831672402464
14:101178235_G_C	rs1004573	0.0395	22	no	chr14	101177853	101178353	SLC25A29	0.617	2.31e-05	0.000358831672402464
14:101178330_G_A	rs1004572	0.0375	22	no	chr14	101177853	101178353	SLC25A29	0.617	2.31e-05	0.000358831672402464
14:101175967_G_A	rs10873520	0.0213	22	no	chr14	101175845	101176345	SLC25A29	0.725	5.84e-08	2.5706794454342e-06
18:22819886_T_C	rs4577175	0.1127	23	no	chr18	22819614	22820114	OSBPL1A	0.705	2.13e-07	7.46426279730805e-06
18:22819886_T_C	rs4577175	0.1127	23	no	chr18	22819614	22820114	IMPACT	0.824	2.12e-11	3.93166930298535e-09
18:22819886_T_C	rs4577175	0.1127	23	no	chr18	22819614	22820114	ZNF521	0.804	1.45e-10	1.87755650021229e-08
18:22861918_T_C	rs4350646	0.014	23	no	chr18	22861520	22862020	OSBPL1A	0.746	1.41e-08	7.97583318719348e-07
18:22861918_T_C	rs4350646	0.014	23	no	chr18	22861520	22862020	IMPACT	0.712	1.36e-07	5.15444227476224e-06
18:22861918_T_C	rs4350646	0.014	23	no	chr18	22861520	22862020	ZNF521	0.689	5.51e-07	1.63518317405339e-05
18:22886751_A_C	rs4800628	0.0136	23	no	chr18	22886589	22887089	IMPACT	0.786	6.62e-10	6.47411092259092e-08
18:22893420_G_A	rs6508360	0.008	23	no	chr18	22893181	22893681	IMPACT	0.592	6.84e-05	0.000878537951449601
18:22893420_G_A	rs6508360	0.008	23	no	chr18	22893181	22893681	ZNF521	0.602	4.48e-05	0.000619737019972898
