var	rsid	PP	region	sentinel	gene	type	pvalue	maf	effect	stderr	seqnames	HSC	MPP	CMP	MEP	Ery	Mega
2:45956545_G_A	rs12616536	0.1061	1	yes	PRKCE	genebody	5.502e-07	0.00419999999999998	0.9653	0.1927	chr2	NA	NA	NA	NA	NA	NA
2:46547494_G_A	rs6720535	0.0103	1	no	EPAS1	genebody	0.0006307	0.1017	-0.1552	0.0454	chr2	NA	NA	NA	NA	NA	NA
3:120972200_T_C	rs75405916	0.0017	2	yes	STXBP5L	genebody	7.443e-07	4e-04	2.8275	0.5713	chr3	NA	NA	NA	NA	NA	NA
3:128316939_A_G	rs9864772	0.1522	3	yes	RUVBL1	myeloid_pchic	1.988e-07	0.395	0.1489	0.0286	chr3	NA	NA	NA	NA	NA	NA
3:128305302_A_G	rs2010054	0.0729	3	no	GATA2	myeloid_pchic	4.953e-07	0.4003	0.1446	0.0288	chr3	NA	NA	NA	NA	NA	NA
3:128316890_C_A	rs2712431	0.0647	3	no	IFT122	atac_rna	2.209e-06	0.3087	0.1448	0.0306	chr3	1.13750352374994	1.26303440583379	1.53605290024021	1.48542682717024	1.72246602447109	1.84799690655495
3:128316890_C_A	rs2712431	0.0647	3	no	RPN1	atac_rna	2.209e-06	0.3087	0.1448	0.0306	chr3	1.13750352374994	1.26303440583379	1.53605290024021	1.48542682717024	1.72246602447109	1.84799690655495
3:128316890_C_A	rs2712431	0.0647	3	no	ACAD9	atac_rna	2.209e-06	0.3087	0.1448	0.0306	chr3	1.13750352374994	1.26303440583379	1.53605290024021	1.48542682717024	1.72246602447109	1.84799690655495
3:128316890_C_A	rs2712431	0.0647	3	no	MCM2	atac_rna	2.209e-06	0.3087	0.1448	0.0306	chr3	1.13750352374994	1.26303440583379	1.53605290024021	1.48542682717024	1.72246602447109	1.84799690655495
3:128300998_C_T	rs2713571	0.0143	3	no	DNAJB8	myeloid_pchic	5.121e-06	0.2902	-0.1447	0.0317	chr3	NA	NA	NA	NA	NA	NA
3:128323424_G_C	rs6782228	0.0124	3	no	SEC61A1	myeloid_pchic	1.381e-05	0.2679	-0.1424	0.0328	chr3	NA	NA	NA	NA	NA	NA
3:160207078_A_G	rs7632307	0.1137	5	no	IL12A	myeloid_pchic	1.644e-07	0.4157	0.1519	0.029	chr3	NA	NA	NA	NA	NA	NA
3:160077846_A_G	rs7356111	0.0263	5	no	IFT80	genebody	3.908e-07	0.4491	0.1424	0.0281	chr3	NA	NA	NA	NA	NA	NA
3:160175845_T_C	rs6789211	0.0261	5	no	GFM1	myeloid_pchic	7.422e-07	0.4096	0.1417	0.0286	chr3	NA	NA	NA	NA	NA	NA
3:160175845_T_C	rs6789211	0.0261	5	no	TRIM59	genebody	7.422e-07	0.4096	0.1417	0.0286	chr3	NA	NA	NA	NA	NA	NA
3:160175845_T_C	rs6789211	0.0261	5	no	C3orf80	myeloid_pchic	7.422e-07	0.4096	0.1417	0.0286	chr3	NA	NA	NA	NA	NA	NA
3:160175845_T_C	rs6789211	0.0261	5	no	KPNA4	myeloid_pchic	7.422e-07	0.4096	0.1417	0.0286	chr3	NA	NA	NA	NA	NA	NA
3:160175845_T_C	rs6789211	0.0261	5	no	PPM1L	myeloid_pchic	7.422e-07	0.4096	0.1417	0.0286	chr3	NA	NA	NA	NA	NA	NA
3:160139696_G_A	rs6441319	0.0238	5	no	SMC4	atac_rna	4.748e-07	0.4496	0.1417	0.0281	chr3	0.485426827170242	0.485426827170242	0.84799690655495	1.26303440583379	1.20163386116965	1.0703893278914
3:160139696_G_A	rs6441319	0.0238	5	no	SMC4	genebody	4.748e-07	0.4496	0.1417	0.0281	chr3	0.485426827170242	0.485426827170242	0.84799690655495	1.26303440583379	1.20163386116965	1.0703893278914
3:160119525_G_A	rs41272947	0.0226	5	no	PPM1L	atac_rna	4.963e-07	0.445	0.141	0.028	chr3	2.23266075679027	2.35049724708413	2.40599235967584	2.16992500144231	1.92599941855622	2.65535182861255
3:160119525_G_A	rs41272947	0.0226	5	no	SERPINI1	myeloid_pchic	4.963e-07	0.445	0.141	0.028	chr3	2.23266075679027	2.35049724708413	2.40599235967584	2.16992500144231	1.92599941855622	2.65535182861255
3:160119525_G_A	rs41272947	0.0226	5	no	SMC4	abc	4.963e-07	0.445	0.141	0.028	chr3	2.23266075679027	2.35049724708413	2.40599235967584	2.16992500144231	1.92599941855622	2.65535182861255
3:160119525_G_A	rs41272947	0.0226	5	no	CLDND1	myeloid_pchic	4.963e-07	0.445	0.141	0.028	chr3	2.23266075679027	2.35049724708413	2.40599235967584	2.16992500144231	1.92599941855622	2.65535182861255
3:160119525_G_A	rs41272947	0.0226	5	no	PDCD10	myeloid_pchic	4.963e-07	0.445	0.141	0.028	chr3	2.23266075679027	2.35049724708413	2.40599235967584	2.16992500144231	1.92599941855622	2.65535182861255
3:160119525_G_A	rs41272947	0.0226	5	no	NSUN3	myeloid_pchic	4.963e-07	0.445	0.141	0.028	chr3	2.23266075679027	2.35049724708413	2.40599235967584	2.16992500144231	1.92599941855622	2.65535182861255
3:160119525_G_A	rs41272947	0.0226	5	no	IFT80	abc	4.963e-07	0.445	0.141	0.028	chr3	2.23266075679027	2.35049724708413	2.40599235967584	2.16992500144231	1.92599941855622	2.65535182861255
3:168832107_T_G	rs9847631	0.0772	6	yes	MECOM	genebody	4.95e-09	0.3962	-0.1644	0.0281	chr3	NA	NA	NA	NA	NA	NA
3:168843813_T_C	rs6804402	0.0654	6	no	MECOM	myeloid_pchic	5.48e-09	0.3962	-0.1645	0.0282	chr3	NA	NA	NA	NA	NA	NA
3:168822748_G_T	rs13327022	0.0307	6	no	MECOM	atac_rna	1.193e-08	0.3953	-0.1604	0.0281	chr3	3.27798474729977	3.16992500144231	3.03562390973072	2.92599941855622	0.485426827170242	2.35049724708413
4:105806108_A_T	rs144317085	0.0902	7	no	TET2	myeloid_pchic	5.883e-20	0.0382	0.6639	0.0726	chr4	0.263034405833794	0.137503523749935	0.485426827170242	0.485426827170242	0.925999418556223	0.678071905112638
5:1100831_G_A	rs60833263	0.2336	8	yes	SLC12A7	genebody	1.136e-06	0.4538	-0.1399	0.0287	chr5	0.263034405833794	0.584962500721156	0.678071905112638	0.765534746362977	1.48542682717024	0.765534746362977
5:1109314_G_C	rs4458624	0.0564	8	no	NDUFS6	atac_rna	2e-05	0.4056	-0.1248	0.0293	chr5	1.72246602447109	1.67807190511264	1.8073549220576	1.0703893278914	1.48542682717024	1.8073549220576
5:1104938_C_T	rs35188965	0.0266	8	no	TRIP13	abc	6.027e-06	0.4158	-0.1286	0.0284	chr5	4.62058641045188	4.4594316186373	3.8972404255748	3.71149490665009	2.26303440583379	2.82781902461732
5:1104938_C_T	rs35188965	0.0266	8	no	SLC12A7	abc	6.027e-06	0.4158	-0.1286	0.0284	chr5	4.62058641045188	4.4594316186373	3.8972404255748	3.71149490665009	2.26303440583379	2.82781902461732
5:1104938_C_T	rs35188965	0.0266	8	no	BRD9	abc	6.027e-06	0.4158	-0.1286	0.0284	chr5	4.62058641045188	4.4594316186373	3.8972404255748	3.71149490665009	2.26303440583379	2.82781902461732
5:1104938_C_T	rs35188965	0.0266	8	no	LPCAT1	abc	6.027e-06	0.4158	-0.1286	0.0284	chr5	4.62058641045188	4.4594316186373	3.8972404255748	3.71149490665009	2.26303440583379	2.82781902461732
5:1104938_C_T	rs35188965	0.0266	8	no	NDUFS6	abc	6.027e-06	0.4158	-0.1286	0.0284	chr5	4.62058641045188	4.4594316186373	3.8972404255748	3.71149490665009	2.26303440583379	2.82781902461732
5:1104938_C_T	rs35188965	0.0266	8	no	TERT	abc	6.027e-06	0.4158	-0.1286	0.0284	chr5	4.62058641045188	4.4594316186373	3.8972404255748	3.71149490665009	2.26303440583379	2.82781902461732
5:1104938_C_T	rs35188965	0.0266	8	no	CLPTM1L	abc	6.027e-06	0.4158	-0.1286	0.0284	chr5	4.62058641045188	4.4594316186373	3.8972404255748	3.71149490665009	2.26303440583379	2.82781902461732
5:1113415_T_A	rs4554271	0.0104	8	no	TRIP13	atac_rna	0.00117	0.2129	-0.1102	0.0339	chr5	1.63226821549951	1.76553474636298	1.72246602447109	1.58496250072116	0.678071905112638	0.765534746362977
5:1137320_C_A	rs7713981	0.4974	9	yes	LPCAT1	myeloid_pchic	2.008e-07	0.4272	0.1519	0.0292	chr5	0.678071905112638	0.925999418556223	0.678071905112638	0.765534746362977	0.584962500721156	0.678071905112638
5:1137320_C_A	rs7713981	0.4974	9	yes	SLC12A7	myeloid_pchic	2.008e-07	0.4272	0.1519	0.0292	chr5	0.678071905112638	0.925999418556223	0.678071905112638	0.765534746362977	0.584962500721156	0.678071905112638
5:1137320_C_A	rs7713981	0.4974	9	yes	NDUFS6	myeloid_pchic	2.008e-07	0.4272	0.1519	0.0292	chr5	0.678071905112638	0.925999418556223	0.678071905112638	0.765534746362977	0.584962500721156	0.678071905112638
5:1137320_C_A	rs7713981	0.4974	9	yes	MRPL36	myeloid_pchic	2.008e-07	0.4272	0.1519	0.0292	chr5	0.678071905112638	0.925999418556223	0.678071905112638	0.765534746362977	0.584962500721156	0.678071905112638
5:1138335_T_G	rs4131149	0.3209	9	no	PLEKHG4B	atac_rna	3.043e-07	0.4279	0.151	0.0295	chr5	4.12928301694497	4.03562390973072	3.13750352374994	2.60880924267552	1.88752527074159	1.0703893278914
5:1138335_T_G	rs4131149	0.3209	9	no	SLC12A7	atac_rna	3.043e-07	0.4279	0.151	0.0295	chr5	4.12928301694497	4.03562390973072	3.13750352374994	2.60880924267552	1.88752527074159	1.0703893278914
5:1285974_C_A	rs7705526	1	10	yes	TERT	genebody	1.881e-48	0.3376	0.4592	0.0314	chr5	NA	NA	NA	NA	NA	NA
6:34208773_C_A	rs41269026	0.0135	13	no	HMGA1	genebody	2.852e-08	0.045	0.3432	0.0618	chr6	NA	NA	NA	NA	NA	NA
6:34208773_C_A	rs41269026	0.0135	13	no	NUDT3	myeloid_pchic	2.852e-08	0.045	0.3432	0.0618	chr6	NA	NA	NA	NA	NA	NA
7:2112506_G_A	rs1860826	0.0843	14	yes	MAD1L1	genebody	3.886e-07	0.3545	0.1505	0.0297	chr7	NA	NA	NA	NA	NA	NA
7:1953571_G_A	rs12536261	0.0147	14	no	MAD1L1	myeloid_pchic	2.758e-06	0.3865	0.1338	0.0285	chr7	NA	NA	NA	NA	NA	NA
7:130746955_C_A	rs62471615	0.3516	15	yes	MKLN1	myeloid_pchic	6.058e-16	0.2953	-0.2559	0.0316	chr7	0.84799690655495	0.678071905112638	0.584962500721156	0.765534746362977	0.925999418556223	0.37851162325373
7:130742066_A_G	rs7803075	0.1947	15	no	PODXL	atac_rna	1.132e-15	0.2828	-0.2444	0.0305	chr7	3.97269265400426	3.8073549220576	2.82781902461732	2.10433665981474	0.678071905112638	1.43295940727611
7:130742066_A_G	rs7803075	0.1947	15	no	MKLN1	abc	1.132e-15	0.2828	-0.2444	0.0305	chr7	3.97269265400426	3.8073549220576	2.82781902461732	2.10433665981474	0.678071905112638	1.43295940727611
9:4999303_A_G	rs1327494	0.8452	16	yes	JAK2	genebody	6.98e-115	0.2678	0.6939	0.0305	chr9	NA	NA	NA	NA	NA	NA
9:4999303_A_G	rs1327494	0.8452	16	yes	PLGRKT	myeloid_pchic	6.98e-115	0.2678	0.6939	0.0305	chr9	NA	NA	NA	NA	NA	NA
9:135879138_C_T	rs1633768	0.2759	17	yes	TSC1	abc	1.658e-08	0.2762	0.1732	0.0307	chr9	2.51096191927738	2.72246602447109	2.16992500144231	2	2.32192809488736	3.30742852519225
9:135879138_C_T	rs1633768	0.2759	17	yes	AK8	abc	1.658e-08	0.2762	0.1732	0.0307	chr9	2.51096191927738	2.72246602447109	2.16992500144231	2	2.32192809488736	3.30742852519225
9:135879138_C_T	rs1633768	0.2759	17	yes	SPACA9	abc	1.658e-08	0.2762	0.1732	0.0307	chr9	2.51096191927738	2.72246602447109	2.16992500144231	2	2.32192809488736	3.30742852519225
9:135879138_C_T	rs1633768	0.2759	17	yes	SURF6	abc	1.658e-08	0.2762	0.1732	0.0307	chr9	2.51096191927738	2.72246602447109	2.16992500144231	2	2.32192809488736	3.30742852519225
9:135879138_C_T	rs1633768	0.2759	17	yes	GFI1B	abc	1.658e-08	0.2762	0.1732	0.0307	chr9	2.51096191927738	2.72246602447109	2.16992500144231	2	2.32192809488736	3.30742852519225
9:135879138_C_T	rs1633768	0.2759	17	yes	GTF3C5	abc	1.658e-08	0.2762	0.1732	0.0307	chr9	2.51096191927738	2.72246602447109	2.16992500144231	2	2.32192809488736	3.30742852519225
9:135879138_C_T	rs1633768	0.2759	17	yes	ABO	abc	1.658e-08	0.2762	0.1732	0.0307	chr9	2.51096191927738	2.72246602447109	2.16992500144231	2	2.32192809488736	3.30742852519225
9:135879138_C_T	rs1633768	0.2759	17	yes	REXO4	abc	1.658e-08	0.2762	0.1732	0.0307	chr9	2.51096191927738	2.72246602447109	2.16992500144231	2	2.32192809488736	3.30742852519225
9:135879542_C_T	rs524137	0.2707	17	no	GFI1B	atac_rna	1.039e-08	0.2751	0.1751	0.0306	chr9	3.877744249949	4.18586654531133	4.20945336562895	4.00898878322726	5.19377174339668	4.33628338786443
9:135879542_C_T	rs524137	0.2707	17	no	GBGT1	atac_rna	1.039e-08	0.2751	0.1751	0.0306	chr9	3.877744249949	4.18586654531133	4.20945336562895	4.00898878322726	5.19377174339668	4.33628338786443
11:108143456_C_G	rs1800057	0.1179	18	yes	ATM	coding	2.598e-09	0.0262	0.477	0.0801	chr11	NA	NA	NA	NA	NA	NA
12:111884608_T_C	rs3184504	0.2994	19	no	SH2B3	coding	8.819e-20	0.4811	-0.2553	0.028	chr12	NA	NA	NA	NA	NA	NA
13:41331497_T_C	rs8002412	0.0527	20	yes	MRPS31	genebody	3.615e-07	0.1787	0.1797	0.0353	chr13	NA	NA	NA	NA	NA	NA
13:41204015_T_C	rs7323267	0.033	20	no	FOXO1	genebody	1.15e-07	0.2031	0.178	0.0336	chr13	3.15380533607904	3.20163386116965	2.16992500144231	1.84799690655495	0.485426827170242	0.765534746362977
13:41341419_G_A	rs9549285	0.0317	20	no	COG6	myeloid_pchic	5.675e-07	0.1796	0.1767	0.0353	chr13	NA	NA	NA	NA	NA	NA
13:41341419_G_A	rs9549285	0.0317	20	no	NHLRC3	myeloid_pchic	5.675e-07	0.1796	0.1767	0.0353	chr13	NA	NA	NA	NA	NA	NA
13:41341419_G_A	rs9549285	0.0317	20	no	PROSER1	myeloid_pchic	5.675e-07	0.1796	0.1767	0.0353	chr13	NA	NA	NA	NA	NA	NA
13:41223110_C_T	rs1334241	0.0259	20	no	MRPS31	atac_rna	1.493e-07	0.2092	0.1745	0.0332	chr13	1.43295940727611	1.20163386116965	1.13750352374994	1.58496250072116	0.84799690655495	1.32192809488736
13:41223110_C_T	rs1334241	0.0259	20	no	COG6	atac_rna	1.493e-07	0.2092	0.1745	0.0332	chr13	1.43295940727611	1.20163386116965	1.13750352374994	1.58496250072116	0.84799690655495	1.32192809488736
13:41223110_C_T	rs1334241	0.0259	20	no	FOXO1	atac_rna	1.493e-07	0.2092	0.1745	0.0332	chr13	1.43295940727611	1.20163386116965	1.13750352374994	1.58496250072116	0.84799690655495	1.32192809488736
13:41223110_C_T	rs1334241	0.0259	20	no	KBTBD6	atac_rna	1.493e-07	0.2092	0.1745	0.0332	chr13	1.43295940727611	1.20163386116965	1.13750352374994	1.58496250072116	0.84799690655495	1.32192809488736
13:41223110_C_T	rs1334241	0.0259	20	no	KBTBD7	atac_rna	1.493e-07	0.2092	0.1745	0.0332	chr13	1.43295940727611	1.20163386116965	1.13750352374994	1.58496250072116	0.84799690655495	1.32192809488736
13:41223110_C_T	rs1334241	0.0259	20	no	NAA16	atac_rna	1.493e-07	0.2092	0.1745	0.0332	chr13	1.43295940727611	1.20163386116965	1.13750352374994	1.58496250072116	0.84799690655495	1.32192809488736
13:41223110_C_T	rs1334241	0.0259	20	no	MTRF1	atac_rna	1.493e-07	0.2092	0.1745	0.0332	chr13	1.43295940727611	1.20163386116965	1.13750352374994	1.58496250072116	0.84799690655495	1.32192809488736
13:41234763_G_A	rs9549254	0.0181	20	no	WBP4	atac_rna	2.119e-07	0.2115	0.1727	0.0333	chr13	0.584962500721156	0.765534746362977	0.84799690655495	1	1.26303440583379	1.96347412397489
13:41243231_C_G	rs35240899	0.0123	20	no	SLC25A15	myeloid_pchic	3.209e-07	0.2119	0.1703	0.0333	chr13	NA	NA	NA	NA	NA	NA
21:36347627_T_C	rs55857134	0.4299	24	yes	RUNX1	genebody	1.009e-08	0.3339	0.1732	0.0302	chr21	NA	NA	NA	NA	NA	NA
22:29121087_A_G	rs17879961	0.4104	25	yes	CHEK2	coding	9.086e-07	0.0174	0.9531	0.1941	chr22	NA	NA	NA	NA	NA	NA
