var	rsid	PP	region	sentinel	gene	pvalue	maf	effect	stderr	seqnames	HSC	MPP	CMP	MEP	Ery	Mega
2:45956545_G_A	rs12616536	0.1017	1	yes	PRKCE	5.502e-07	0.00419999999999998	0.9653	0.1927	chr2	NA	NA	NA	NA	NA	NA
2:211478366_A_C	rs13415932	0.7831	2	yes	CPS1	6.075e-07	0.0396	-0.408	0.0818	chr2	NA	NA	NA	NA	NA	NA
3:120972200_T_C	rs75405916	0.0016	3	yes	STXBP5L	7.443e-07	4e-04	2.8275	0.5713	chr3	NA	NA	NA	NA	NA	NA
3:128316939_A_G	rs9864772	0.3438	4	yes	DNAJB8	1.988e-07	0.395	0.1489	0.0286	chr3	NA	NA	NA	NA	NA	NA
3:128316939_A_G	rs9864772	0.3438	4	yes	RUVBL1	1.988e-07	0.395	0.1489	0.0286	chr3	NA	NA	NA	NA	NA	NA
3:128310107_T_C	rs62273237	0.1454	4	no	DNAJB8	4.705e-07	0.3998	0.1445	0.0287	chr3	0.485426827170242	0.678071905112638	1	1.37851162325373	1.26303440583379	1.37851162325373
3:128310107_T_C	rs62273237	0.1454	4	no	RUVBL1	4.705e-07	0.3998	0.1445	0.0287	chr3	0.485426827170242	0.678071905112638	1	1.37851162325373	1.26303440583379	1.37851162325373
3:128305302_A_G	rs2010054	0.1359	4	no	GATA2	4.953e-07	0.4003	0.1446	0.0288	chr3	NA	NA	NA	NA	NA	NA
3:128305302_A_G	rs2010054	0.1359	4	no	RUVBL1	4.953e-07	0.4003	0.1446	0.0288	chr3	NA	NA	NA	NA	NA	NA
3:159633461_C_G	rs77249081	0.0154	5	yes	IL12A	1.598e-07	0.0075	1.2377	0.2362	chr3	NA	NA	NA	NA	NA	NA
3:168846701_C_T	rs12491785	0.078	7	yes	MECOM	4.508e-09	0.3938	-0.1658	0.0283	chr3	NA	NA	NA	NA	NA	NA
5:1100831_G_A	rs60833263	0.3067	9	yes	SLC12A7	1.136e-06	0.4538	-0.1399	0.0287	chr5	0.263034405833794	0.584962500721156	0.678071905112638	0.765534746362977	1.48542682717024	0.765534746362977
5:1103495_T_C	rs6894574	0.1621	9	no	SLC12A7	2.653e-06	0.3304	-0.1382	0.0294	chr5	NA	NA	NA	NA	NA	NA
5:1099967_C_A	rs35801134	0.1013	9	no	SLC12A7	8.685e-07	0.482	-0.1467	0.0298	chr5	NA	NA	NA	NA	NA	NA
5:1137320_C_A	rs7713981	0.3125	10	no	MRPL36	2.008e-07	0.4272	0.1519	0.0292	chr5	0.678071905112638	0.925999418556223	0.678071905112638	0.765534746362977	0.584962500721156	0.678071905112638
5:1137320_C_A	rs7713981	0.3125	10	no	ZDHHC11B	2.008e-07	0.4272	0.1519	0.0292	chr5	0.678071905112638	0.925999418556223	0.678071905112638	0.765534746362977	0.584962500721156	0.678071905112638
5:1137320_C_A	rs7713981	0.3125	10	no	NDUFS6	2.008e-07	0.4272	0.1519	0.0292	chr5	0.678071905112638	0.925999418556223	0.678071905112638	0.765534746362977	0.584962500721156	0.678071905112638
5:1138335_T_G	rs4131149	0.2998	10	yes	SLC12A7	3.043e-07	0.4279	0.151	0.0295	chr5	4.12928301694497	4.03562390973072	3.13750352374994	2.60880924267552	1.88752527074159	1.0703893278914
5:1138335_T_G	rs4131149	0.2998	10	yes	MRPL36	3.043e-07	0.4279	0.151	0.0295	chr5	4.12928301694497	4.03562390973072	3.13750352374994	2.60880924267552	1.88752527074159	1.0703893278914
5:1138335_T_G	rs4131149	0.2998	10	yes	ZDHHC11B	3.043e-07	0.4279	0.151	0.0295	chr5	4.12928301694497	4.03562390973072	3.13750352374994	2.60880924267552	1.88752527074159	1.0703893278914
5:1138335_T_G	rs4131149	0.2998	10	yes	NDUFS6	3.043e-07	0.4279	0.151	0.0295	chr5	4.12928301694497	4.03562390973072	3.13750352374994	2.60880924267552	1.88752527074159	1.0703893278914
5:1140502_T_C	rs4074688	0.1279	10	no	MRPL36	1.421e-06	0.4527	0.1428	0.0296	chr5	2.8073549220576	2.51096191927738	1.92599941855622	2.03562390973072	2.48542682717024	2
5:1140502_T_C	rs4074688	0.1279	10	no	PLEKHG4B	1.421e-06	0.4527	0.1428	0.0296	chr5	2.8073549220576	2.51096191927738	1.92599941855622	2.03562390973072	2.48542682717024	2
5:1140502_T_C	rs4074688	0.1279	10	no	NDUFS6	1.421e-06	0.4527	0.1428	0.0296	chr5	2.8073549220576	2.51096191927738	1.92599941855622	2.03562390973072	2.48542682717024	2
5:1141249_C_G	rs4072574	0.1209	10	no	NDUFS6	4.298e-07	0.4755	0.15	0.0297	chr5	NA	NA	NA	NA	NA	NA
5:1141249_C_G	rs4072574	0.1209	10	no	MRPL36	4.298e-07	0.4755	0.15	0.0297	chr5	NA	NA	NA	NA	NA	NA
5:1285974_C_A	rs7705526	1	11	yes	TERT	1.881e-48	0.3376	0.4592	0.0314	chr5	NA	NA	NA	NA	NA	NA
5:1287194_G_A	rs2853677	1	12	yes	TERT	8.401e-39	0.4227	-0.3712	0.0285	chr5	NA	NA	NA	NA	NA	NA
5:111061883_A_G	rs56084922	0.2033	13	yes	NREP	9.59e-07	0.0729	-0.287	0.0586	chr5	NA	NA	NA	NA	NA	NA
5:111061847_T_G	rs56116444	0.1891	13	no	NREP	1.003e-06	0.071	-0.2894	0.0592	chr5	NA	NA	NA	NA	NA	NA
5:111061881_C_T	rs57201028	0.1877	13	no	NREP	1.016e-06	0.071	-0.2892	0.0592	chr5	NA	NA	NA	NA	NA	NA
7:2112506_G_A	rs1860826	0.0909	16	yes	MAD1L1	3.886e-07	0.3545	0.1505	0.0297	chr7	NA	NA	NA	NA	NA	NA
7:130746955_C_A	rs62471615	0.3731	17	yes	MKLN1	6.058e-16	0.2953	-0.2559	0.0316	chr7	0.84799690655495	0.678071905112638	0.584962500721156	0.765534746362977	0.925999418556223	0.37851162325373
7:130737982_T_G	rs2015210	0.2483	17	no	MKLN1	7.792e-16	0.2675	-0.2567	0.0319	chr7	NA	NA	NA	NA	NA	NA
7:130742066_A_G	rs7803075	0.1946	17	no	MKLN1	1.132e-15	0.2828	-0.2444	0.0305	chr7	3.97269265400426	3.8073549220576	2.82781902461732	2.10433665981474	0.678071905112638	1.43295940727611
7:130742066_A_G	rs7803075	0.1946	17	no	PODXL	1.132e-15	0.2828	-0.2444	0.0305	chr7	3.97269265400426	3.8073549220576	2.82781902461732	2.10433665981474	0.678071905112638	1.43295940727611
7:130729394_C_T	rs58270997	0.1664	17	no	MKLN1	1.123e-15	0.268	0.2769	0.0346	chr7	0.84799690655495	0.925999418556223	0.485426827170242	0.765534746362977	1.26303440583379	0.37851162325373
9:4999303_A_G	rs1327494	0.4248	18	no	JAK2	6.98e-115	0.2678	0.6939	0.0305	chr9	NA	NA	NA	NA	NA	NA
9:4999303_A_G	rs1327494	0.4248	18	no	PLGRKT	6.98e-115	0.2678	0.6939	0.0305	chr9	NA	NA	NA	NA	NA	NA
9:4998401_C_T	rs7868130	0.3977	18	yes	JAK2	9e-115	0.2695	0.6917	0.0304	chr9	NA	NA	NA	NA	NA	NA
9:4998639_A_G	rs2225125	0.1218	18	no	JAK2	6.15e-114	0.271	0.6855	0.0302	chr9	NA	NA	NA	NA	NA	NA
9:5149250_C_T	rs75035022	0.4449	19	yes	INSL6	2.674e-24	0.0311	0.7771	0.0764	chr9	NA	NA	NA	NA	NA	NA
9:5114523_A_C	rs3780381	0.2417	19	no	JAK2	1.072e-22	0.2875	0.4219	0.043	chr9	NA	NA	NA	NA	NA	NA
9:135870130_C_G	rs621940	0.2382	20	yes	GFI1B	4.134e-09	0.1572	0.2166	0.0368	chr9	2.96347412397489	2.74416109557041	3.13750352374994	3.62058641045188	4.37851162325373	3.86789646399265
11:108143456_C_G	rs1800057	0.2991	21	yes	ATM	2.598e-09	0.0262	0.477	0.0801	chr11	NA	NA	NA	NA	NA	NA
12:111884608_T_C	rs3184504	0.1781	22	no	SH2B3	8.819e-20	0.4811	-0.2553	0.028	chr12	NA	NA	NA	NA	NA	NA
13:41204015_T_C	rs7323267	0.0574	23	yes	FOXO1	1.15e-07	0.2031	0.178	0.0336	chr13	3.15380533607904	3.20163386116965	2.16992500144231	1.84799690655495	0.485426827170242	0.765534746362977
20:62651978_G_A	rs816925	0.8776	26	yes	PRPF6	7.842e-07	0.4356	-0.146	0.0296	chr20	NA	NA	NA	NA	NA	NA
21:36347627_T_C	rs55857134	0.3419	27	yes	RUNX1	1.009e-08	0.3339	0.1732	0.0302	chr21	NA	NA	NA	NA	NA	NA
21:36350830_A_G	rs2834711	0.1695	27	no	RUNX1	1.867e-08	0.3728	0.1606	0.0286	chr21	NA	NA	NA	NA	NA	NA
21:36351891_T_C	rs2834712	0.168	27	no	RUNX1	1.905e-08	0.377	0.16	0.0285	chr21	1.96347412397489	1.88752527074159	1.0703893278914	0.485426827170242	1.26303440583379	0.485426827170242
22:29121087_A_G	rs17879961	0.0166	28	yes	CHEK2	9.086e-07	0.0174	0.9531	0.1941	chr22	NA	NA	NA	NA	NA	NA
