locus	SNP	Chr	bp	risk	nonrisk	RAF	OR	OR_95CI	pvalue	meta_pval	nearest_gene	other_genes
3q21.3	rs9864772	chr3	128316939	G	A	0.6075	1.15	1.09-1.21	2.74E-07	2.06E-08	GATA2	
3q25.33	rs77249081	chr3	159633461	G	C	0.0096	3.7	2.49-5.49	8.04E-11	5.54E-10	SCHIP1	
3q25.33	rs74676712	chr3	160284736	T	C	0.1138	1.3	1.2-1.41	3.57E-10	3.64E-11	KPNA4	
3q26.2	rs9847631	chr3	168832107	T	G	0.3979	1.17	1.11-1.23	7.06E-09	4.89E-10	MECOM	
4q24	rs62329718	chr4	105758059	A	T	0.0374	2.11	1.84-2.42	7.46E-27	2.72E-34	TET2	
5p15.33	rs7705526	chr5	1285974	A	C	0.3358	1.58	1.49-1.67	4.78E-54	2.42E-64	TERT	
5p15.33	rs2853677	chr5	1287194	G	A	0.4176	1.46	1.38-1.54	2.79E-44	4.32E-54	TERT	
6p21.31	rs116466979	chr6	34235378	C	T	0.0453	1.5	1.31-1.71	3.34E-09	1.86E-12	NUDT3	HMGA1
7q32.3	rs62471615	chr7	130746955	C	A	0.3037	1.3	1.23-1.38	6.55E-19	7.20E-21	MKLN1	
9p24.1	rs1327494	chr9	4999303	G	A	0.2735	2	1.89-2.12	3.07E-128	1.11E-170	JAK2	
9q34.13	rs1633768	chr9	135879138	T	C	0.2708	1.2	1.13-1.27	1.03E-09	2.15E-12	GFI1B	
11q22.3	rs1800057	chr11	108143456	G	C	0.0255	1.65	1.41-1.92	2.00E-10	2.94E-12	ATM	
12q24.12	rs7310615	chr12	111865049	C	G	0.4768	1.27	1.21-1.34	3.05E-19	2.46E-18	SH2B3	ATXN2
13q14.11	rs8002412	chr13	41331497	C	T	0.1803	1.2	1.13-1.29	2.59E-08	5.23E-10	MRPS31	
18q11.2	rs9946154	chr18	22810619	T	C	0.6436	1.15	1.09-1.21	6.95E-07	1.50E-08	ZNF521	
21q22.12	rs55857134	chr21	36347627	C	T	0.3353	1.17	1.11-1.24	1.63E-08	1.93E-09	RUNX1	
22q12.1	rs17879961	chr22	29121087	G	A	0.0221	2.23	1.66-3	1.12E-07	3.60E-08	CHEK2	HSCB