locus	SNP	Chr	bp	risk	nonrisk	RAF	OR	OR_95CI	pvalue	meta_pval	nearest_gene	other_genes
2p21	rs12616536	chr2	45956545	A	G	0.00419999999999998	2.63	1.8-3.83	5.502e-07	6.0310878811721e-07	PRKCE	
2q34	rs13415932	chr2	211478366	A	C	0.9604	1.5	1.28-1.77	6.075e-07	9.20866726073852e-06	CPS1	
3q13.33	rs75405916	chr3	120972200	C	T	4e-04	16.9	5.52-51.79	7.443e-07	NA	STXBP5L	
3q21.3	rs9864772	chr3	128316939	G	A	0.605	1.16	1.1-1.23	1.988e-07	2.63880981683679e-08	GATA2	
3q25.33	rs77249081	chr3	159633461	G	C	0.0075	3.45	2.17-5.48	1.598e-07	9.52976911504898e-07	SCHIP1	
3q25.33	rs74676712	chr3	160284736	T	C	0.1062	1.31	1.2-1.43	3.35e-09	2.64036244636728e-11	KPNA4	
3q26.2	rs12491785	chr3	168846701	C	T	0.3938	1.18	1.12-1.25	4.508e-09	5.79885639637593e-10	MECOM	
4q24	rs1548483	chr4	105749895	T	C	0.0391	2.01	1.74-2.32	3.982e-21	6.00853779597643e-30	TET2	
5p15.33	rs60833263	chr5	1100831	G	A	0.4538	1.15	1.09-1.22	1.136e-06	5.79149534650936e-06	SLC12A7	
5p15.33	rs4131149	chr5	1138335	G	T	0.4279	1.16	1.1-1.23	3.043e-07	2.13404317320573e-06	SLC12A7	
5p15.33	rs7705526	chr5	1285974	A	C	0.3376	1.58	1.49-1.68	1.881e-48	1.88086115868771e-54	TERT	
5p15.33	rs2853677	chr5	1287194	G	A	0.4227	1.45	1.37-1.53	8.401e-39	1.65666658075455e-48	TERT	
5q22.1	rs56084922	chr5	111061883	A	G	0.9271	1.33	1.19-1.49	9.59e-07	7.50954611078797e-07	NREP	
6p21.32	rs9275373	chr6	32668411	A	G	0.111	1.28	1.16-1.4	3.819e-07	6.9498564991921e-05	TAP2	
6p21.31	rs116466979	chr6	34235378	C	T	0.0453	1.5	1.31-1.71	3.342e-09	2.30901289981095e-12	NUDT3	HMGA1
7p22.3	rs1860826	chr7	2112506	A	G	0.3545	1.16	1.1-1.23	3.886e-07	1.35500841618677e-06	MAD1L1	
7q32.3	rs62471615	chr7	130746955	C	A	0.2953	1.29	1.21-1.37	6.058e-16	2.30927221894924e-17	MKLN1	
9p24.1	rs7868130	chr9	4998401	T	C	0.2695	2	1.88-2.12	9e-115	1.22100655309415e-147	JAK2	
9p24.1	rs75035022	chr9	5149250	T	C	0.0311	2.18	1.87-2.53	2.674e-24	2.03294097310305e-24	INSL6	JAK2
9q34.13	rs621940	chr9	135870130	G	C	0.1572	1.24	1.16-1.33	4.134e-09	1.82862266735605e-11	GFI1B	
11q22.3	rs1800057	chr11	108143456	G	C	0.0262	1.61	1.38-1.89	2.598e-09	7.26612232377329e-10	ATM	
12q24.12	rs7310615	chr12	111865049	C	G	0.485	1.3	1.23-1.38	2.123e-20	2.90925030899963e-21	SH2B3	ATXN2
13q14.11	rs7323267	chr13	41204015	C	T	0.2031	1.19	1.12-1.28	1.15e-07	6.31390873172808e-09	FOXO1	
13q31.1	rs9545761	chr13	82102166	T	C	0.3977	1.15	1.09-1.22	7.33e-07	1.49160158159699e-05	SPRY2	
14q12	rs144202762	chr14	28341915	A	T	0.00600000000000001	2.31	1.67-3.21	5.584e-07	1.35377973469952e-06	FOXG1	
20q13.33	rs816925	chr20	62651978	G	A	0.5644	1.16	1.09-1.23	7.842e-07	8.865169628325e-07	PRPF6	
21q22.12	rs55857134	chr21	36347627	C	T	0.3339	1.19	1.12-1.26	1.009e-08	1.04825552502098e-09	RUNX1	
22q12.1	rs17879961	chr22	29121087	G	A	0.0174	2.59	1.77-3.79	9.086e-07	5.22149074327417e-06	CHEK2	HSCB
