var	ID	pheno	num_cases	maf	beta	sebeta	pval	PP	region_rank	nearest_gene
12:111884608_T_C	rs3184504	Hypothyroidism	14871	0.482074	-0.191	0.0123	6.6e-54	0.1781	2	ATXN2
12:111884608_T_C	rs3184504	Hypothyroidism NOS	14171	0.482029	-0.195	0.0126	1.6e-53	0.1781	2	ATXN2
12:111865049_C_G	rs7310615	Hypothyroidism	14871	0.481835	-0.189	0.0124	2.75e-52	0.6878	1	SH2B3
12:111865049_C_G	rs7310615	Hypothyroidism NOS	14171	0.481793	-0.193	0.0127	5.33e-52	0.6878	1	SH2B3
12:111884608_T_C	rs3184504	Hypertension	77977	0.482142	-0.0629	0.0064	8.77e-23	0.1781	2	ATXN2
12:111884608_T_C	rs3184504	Essential hypertension	77723	0.482137	-0.0629	0.00641	1.03e-22	0.1781	2	ATXN2
12:111865049_C_G	rs7310615	Hypertension	77977	0.481904	-0.0625	0.00645	3.36e-22	0.6878	1	SH2B3
12:111865049_C_G	rs7310615	Essential hypertension	77723	0.481901	-0.0625	0.00645	3.61e-22	0.6878	1	SH2B3
5:1287194_G_A	rs2853677	Other non-epithelial cancer of skin	11149	0.422279	-0.11	0.0141	5.42e-15	1	1	TERT
12:111884608_T_C	rs3184504	Myocardial infarction	11703	0.481698	-0.106	0.0138	1.3e-14	0.1781	2	ATXN2
12:111865049_C_G	rs7310615	Myocardial infarction	11703	0.481466	-0.106	0.0139	2.6e-14	0.6878	1	SH2B3
12:111884608_T_C	rs3184504	Ischemic Heart Disease	31355	0.482122	-0.0644	0.00894	5.91e-13	0.1781	2	ATXN2
12:111865049_C_G	rs7310615	Coronary atherosclerosis	20023	0.481656	-0.0792	0.011	6.59e-13	0.6878	1	SH2B3
12:111884608_T_C	rs3184504	Coronary atherosclerosis	20023	0.48188	-0.0786	0.0109	6.8e-13	0.1781	2	ATXN2
12:111865049_C_G	rs7310615	Ischemic Heart Disease	31355	0.481889	-0.0645	0.00901	8e-13	0.6878	1	SH2B3
5:1287194_G_A	rs2853677	Skin cancer	13752	0.422243	-0.0856	0.0127	1.87e-11	1	1	TERT
11:108149207_T_G	rs141379009	Uterine leiomyoma	10344	0.0268242431780571	0.295932750126712	0.0455309954945486	8.05398290035035e-11	0.2143	2	ATM
11:108143456_C_G	rs1800057	Uterine leiomyoma	10344	0.0272643016491782	0.289866924030896	0.045171531246887	1.38961519868536e-10	0.2991	1	ATM
11:108149207_T_G	rs141379009	Benign neoplasm of uterus	10609	0.0268167613685594	0.283178288092155	0.0448929889974756	2.8293629070811e-10	0.2143	2	ATM
12:111884608_T_C	rs3184504	Celiac disease	1855	0.481908	-0.209	0.0332	2.98e-10	0.1781	2	ATXN2
12:111865049_C_G	rs7310615	Celiac disease	1855	0.481666	-0.209	0.0335	3.99e-10	0.6878	1	SH2B3
11:108143456_C_G	rs1800057	Benign neoplasm of uterus	10609	0.0272562773865233	0.276904377861098	0.044537662756232	5.05755634646781e-10	0.2991	1	ATM
3:128316939_A_G	rs9864772	Varicose veins	12172	0.400739	0.0853	0.0137	5.22e-10	0.3438	1	GATA2
3:128305302_A_G	rs2010054	Varicose veins	12172	0.406731	0.0848	0.0137	6.29e-10	0.1359	3	GATA2
3:128310107_T_C	rs62273237	Varicose veins	12172	0.406874	0.0844	0.0137	7.36e-10	0.1454	2	GATA2
3:128305302_A_G	rs2010054	Varicose veins of lower extremity	11697	0.406758	0.0847	0.014	1.4e-09	0.1359	3	GATA2
3:128310107_T_C	rs62273237	Varicose veins of lower extremity	11697	0.406901	0.0843	0.014	1.66e-09	0.1454	2	GATA2
3:128316939_A_G	rs9864772	Varicose veins of lower extremity	11697	0.400774	0.084	0.014	1.9e-09	0.3438	1	GATA2
12:111884608_T_C	rs3184504	Other chronic ischemic heart disease, unspecified	14921	0.481615	-0.0743	0.0124	2.14e-09	0.1781	2	ATXN2
5:1285974_C_A	rs7705526	Uterine leiomyoma	10344	0.32537097628638	0.0927898476371752	0.0155918489073275	2.66221502660032e-09	1	1	TERT
12:111865049_C_G	rs7310615	Other chronic ischemic heart disease, unspecified	14921	0.481388	-0.0743	0.0125	2.73e-09	0.6878	1	SH2B3
5:1285974_C_A	rs7705526	Benign neoplasm of uterus	10609	0.325377015322521	0.0911852605005506	0.0154063623026452	3.24544394610851e-09	1	1	TERT
12:111884608_T_C	rs3184504	Intestinal malabsorption (non-celiac)	2103	0.481899	-0.179	0.0312	9.16e-09	0.1781	2	ATXN2
12:111865049_C_G	rs7310615	Intestinal malabsorption (non-celiac)	2103	0.481657	-0.18	0.0314	1.12e-08	0.6878	1	SH2B3
20:62651978_G_A	rs816925	Varicose veins	12172	0.428705	-0.0774	0.0136	1.24e-08	0.8776	1	PRPF6
5:1285974_C_A	rs7705526	Manlignant and unknown neoplasms of brain and nervous system	655	0.325598	0.344	0.0604	1.26e-08	1	1	TERT
20:62651978_G_A	rs816925	Varicose veins of lower extremity	11697	0.428722	-0.0781	0.0139	1.75e-08	0.8776	1	PRPF6
5:1285974_C_A	rs7705526	Other non-epithelial cancer of skin	11149	0.32559	0.0842	0.0151	2.36e-08	1	1	TERT
5:1285974_C_A	rs7705526	Cancer of brain and nervous system	531	0.325584	0.374	0.0671	2.44e-08	1	1	TERT
5:1287194_G_A	rs2853677	Benign neoplasm of uterus	10609	0.422299025946841	-0.0804234453005312	0.0144283200759266	2.48956803864521e-08	1	1	TERT
5:1287194_G_A	rs2853677	Seborrheic keratosis	3092	0.422256	0.144	0.026	2.91e-08	1	1	TERT
5:1285974_C_A	rs7705526	Skin cancer	13752	0.325635	0.0753	0.0136	3.18e-08	1	1	TERT
5:1285974_C_A	rs7705526	Cancer of brain	486	0.325579	0.387	0.0702	3.58e-08	1	1	TERT
5:1287194_G_A	rs2853677	Uterine leiomyoma	10344	0.42226833028275	-0.0797518478424375	0.0146032624355464	4.72833665042787e-08	1	1	TERT
5:1285974_C_A	rs7705526	Benign neoplasm of ovary	1481	0.324598960743276	0.218545151817735	0.0401689520754404	5.30869446834914e-08	1	1	TERT
5:1285974_C_A	rs7705526	Seborrheic keratosis	3092	0.325609	-0.146	0.0278	1.35e-07	1	1	TERT
6:34189337_G_A	rs141891664	Essential hypertension	77723	0.047466	0.0793	0.0151	1.45e-07	0.1389	2	HMGA1
6:34189337_G_A	rs141891664	Hypertension	77977	0.047459	0.0782	0.0151	2.07e-07	0.1389	2	HMGA1
6:34235378_T_C	rs116466979	Essential hypertension	77723	0.048002	0.0774	0.015	2.58e-07	0.2425	1	NUDT3
6:34235378_T_C	rs116466979	Hypertension	77977	0.047994	0.0763	0.015	3.68e-07	0.2425	1	NUDT3
12:111884608_T_C	rs3184504	Angina pectoris	16175	0.481513	-0.0594	0.0119	6.21e-07	0.1781	2	ATXN2
12:111865049_C_G	rs7310615	Angina pectoris	16175	0.481283	-0.059	0.012	8.92e-07	0.6878	1	SH2B3
12:111884608_T_C	rs3184504	Secondary malignancy of lymph nodes	5379	0.482132	0.0959	0.0195	8.96e-07	0.1781	2	ATXN2
12:111865049_C_G	rs7310615	Secondary malignancy of lymph nodes	5379	0.481899	0.0941	0.0197	1.69e-06	0.6878	1	SH2B3
5:1287194_G_A	rs2853677	Cancer of bladder	2427	0.422222	-0.137	0.0294	3.4e-06	1	1	TERT
13:41204015_T_C	rs7323267	Uterine leiomyoma	10344	0.20612513028108	0.0825187871248373	0.0178163801367695	3.62807292155803e-06	0.0574	1	FOXO1
13:41204015_T_C	rs7323267	Benign neoplasm of uterus	10609	0.206130166716568	0.0811490539006941	0.0176049785548136	4.03759272246539e-06	0.0574	1	FOXO1
12:111884608_T_C	rs3184504	Malignant neoplasm of female breast	11874	0.481863311990523	0.062828960774781	0.0136753552636577	4.34162309262989e-06	0.1781	2	ATXN2
12:111884608_T_C	rs3184504	Breast cancer [female]	12671	0.4818537339297	0.0598553380661644	0.0132707378662198	6.47284428513369e-06	0.1781	2	ATXN2
12:111884608_T_C	rs3184504	Secondary malignant neoplasm	9483	0.48207	0.0669	0.0148	6.65e-06	0.1781	2	ATXN2
12:111865049_C_G	rs7310615	Malignant neoplasm of female breast	11874	0.481611206146345	0.0617630650380745	0.0137739346551745	7.3238158914904e-06	0.6878	1	SH2B3
12:111884608_T_C	rs3184504	Breast cancer	12898	0.482238	0.0588	0.0132	7.87e-06	0.1781	2	ATXN2
5:1287194_G_A	rs2853677	Malignant neoplasm of bladder	2146	0.422204	-0.14	0.0314	7.88e-06	1	1	TERT
12:111865049_C_G	rs7310615	Breast cancer [female]	12671	0.481592136843116	0.0595336030005484	0.0133665588362102	8.43159614259221e-06	0.6878	1	SH2B3
12:111865049_C_G	rs7310615	Breast cancer	12898	0.482002	0.0586	0.0133	9.75e-06	0.6878	1	SH2B3
12:111865049_C_G	rs7310615	Secondary malignant neoplasm	9483	0.481838	0.0659	0.015	1.05e-05	0.6878	1	SH2B3
12:111884608_T_C	rs3184504	Rheumatoid arthritis	4412	0.482636	-0.0953	0.0217	1.08e-05	0.1781	2	ATXN2
12:111865049_C_G	rs7310615	Rheumatoid arthritis	4412	0.482377	-0.0957	0.0218	1.14e-05	0.6878	1	SH2B3
5:1287194_G_A	rs2853677	Degenerative skin conditions and other dermatoses	5522	0.422274	0.0837	0.0195	1.83e-05	1	1	TERT
11:108149207_T_G	rs141379009	Melanomas of skin, dx or hx	2691	0.027096	0.364	0.0861	2.33e-05	0.2143	2	ATM
11:108149207_T_G	rs141379009	Melanomas of skin	2691	0.027096	0.364	0.0861	2.33e-05	0.2143	2	ATM
12:111884608_T_C	rs3184504	Rheumatoid arthritis and other inflammatory polyarthropathies	4879	0.482637	-0.0869	0.0206	2.48e-05	0.1781	2	ATXN2
12:111865049_C_G	rs7310615	Rheumatoid arthritis and other inflammatory polyarthropathies	4879	0.482377	-0.0867	0.0208	2.96e-05	0.6878	1	SH2B3
5:1140502_T_C	rs4074688	Symptomatic menopause	186	0.442413859147675	-0.441785766786522	0.106253620681506	3.21268092694368e-05	0.1279	3	SLC12A7
11:108143456_C_G	rs1800057	Benign neoplasm of colon	20204	0.027594	0.134	0.0324	3.38e-05	0.2991	1	ATM
11:108143456_C_G	rs1800057	Melanomas of skin, dx or hx	2691	0.027527	0.351	0.0854	3.95e-05	0.2991	1	ATM
11:108143456_C_G	rs1800057	Melanomas of skin	2691	0.027527	0.351	0.0854	3.95e-05	0.2991	1	ATM
