var	rsid	pheno	num_cases	maf	beta	sebeta	pval	effect	stderr	PP	region_rank	nearest_gene
12:111884608_T_C	rs3184504	Hypothyroidism	14871	0.482074	-0.191	0.0123	6.60E-54	-0.2364	0.0265	0.2994	2	ATXN2
12:111884608_T_C	rs3184504	Hypothyroidism NOS	14171	0.482029	-0.195	0.0126	1.60E-53	-0.2364	0.0265	0.2994	2	ATXN2
12:111865049_C_G	rs7310615	Hypothyroidism	14871	0.481835	-0.189	0.0124	2.75E-52	-0.2421	0.027	0.4448	1	SH2B3
12:111932800_C_T	rs7137828	Hypothyroidism	14871	0.483126	-0.188	0.0123	3.46E-52	-0.2335	0.0265	0.1154	3	ATXN2
12:111865049_C_G	rs7310615	Hypothyroidism NOS	14171	0.481793	-0.193	0.0127	5.33E-52	-0.2421	0.027	0.4448	1	SH2B3
12:111932800_C_T	rs7137828	Hypothyroidism NOS	14171	0.483084	-0.192	0.0126	6.42E-52	-0.2335	0.0265	0.1154	3	ATXN2
12:111884608_T_C	rs3184504	Hypertension	77977	0.482142	-0.0629	0.0064	8.77E-23	-0.2364	0.0265	0.2994	2	ATXN2
12:111884608_T_C	rs3184504	Essential hypertension	77723	0.482137	-0.0629	0.00641	1.03E-22	-0.2364	0.0265	0.2994	2	ATXN2
12:111865049_C_G	rs7310615	Hypertension	77977	0.481904	-0.0625	0.00645	3.36E-22	-0.2421	0.027	0.4448	1	SH2B3
12:111865049_C_G	rs7310615	Essential hypertension	77723	0.481901	-0.0625	0.00645	3.61E-22	-0.2421	0.027	0.4448	1	SH2B3
12:111932800_C_T	rs7137828	Hypertension	77977	0.483194	-0.0615	0.00641	8.11E-22	-0.2335	0.0265	0.1154	3	ATXN2
12:111932800_C_T	rs7137828	Essential hypertension	77723	0.48319	-0.0615	0.00642	9.26E-22	-0.2335	0.0265	0.1154	3	ATXN2
5:1287194_G_A	rs2853677	Other non-epithelial cancer of skin	11149	0.422279	-0.11	0.0141	5.42E-15	-0.3762	0.027	1	1	TERT
12:111932800_C_T	rs7137828	Myocardial infarction	11703	0.482752	-0.107	0.0138	1.16E-14	-0.2335	0.0265	0.1154	3	ATXN2
12:111884608_T_C	rs3184504	Myocardial infarction	11703	0.481698	-0.106	0.0138	1.30E-14	-0.2364	0.0265	0.2994	2	ATXN2
12:111865049_C_G	rs7310615	Myocardial infarction	11703	0.481466	-0.106	0.0139	2.60E-14	-0.2421	0.027	0.4448	1	SH2B3
12:111932800_C_T	rs7137828	Ischemic Heart Disease	31355	0.483177	-0.0645	0.00895	5.66E-13	-0.2335	0.0265	0.1154	3	ATXN2
12:111884608_T_C	rs3184504	Ischemic Heart Disease	31355	0.482122	-0.0644	0.00894	5.91E-13	-0.2364	0.0265	0.2994	2	ATXN2
12:111865049_C_G	rs7310615	Coronary atherosclerosis	20023	0.481656	-0.0792	0.011	6.59E-13	-0.2421	0.027	0.4448	1	SH2B3
12:111884608_T_C	rs3184504	Coronary atherosclerosis	20023	0.48188	-0.0786	0.0109	6.80E-13	-0.2364	0.0265	0.2994	2	ATXN2
12:111932800_C_T	rs7137828	Coronary atherosclerosis	20023	0.482931	-0.0786	0.011	7.27E-13	-0.2335	0.0265	0.1154	3	ATXN2
12:111865049_C_G	rs7310615	Ischemic Heart Disease	31355	0.481889	-0.0645	0.00901	8.00E-13	-0.2421	0.027	0.4448	1	SH2B3
5:1287194_G_A	rs2853677	Skin cancer	13752	0.422243	-0.0856	0.0127	1.87E-11	-0.3762	0.027	1	1	TERT
11:108143456_C_G	rs1800057	Uterine leiomyoma	10344	0.027264302	0.289866924	0.045171531	1.39E-10	0.4994	0.0785	0.1179	1	ATM
12:111884608_T_C	rs3184504	Celiac disease	1855	0.481908	-0.209	0.0332	2.98E-10	-0.2364	0.0265	0.2994	2	ATXN2
12:111865049_C_G	rs7310615	Celiac disease	1855	0.481666	-0.209	0.0335	3.99E-10	-0.2421	0.027	0.4448	1	SH2B3
11:108143456_C_G	rs1800057	Benign neoplasm of uterus	10609	0.027256277	0.276904378	0.044537663	5.06E-10	0.4994	0.0785	0.1179	1	ATM
12:111932800_C_T	rs7137828	Celiac disease	1855	0.48294	-0.207	0.0333	5.13E-10	-0.2335	0.0265	0.1154	3	ATXN2
3:128316939_A_G	rs9864772	Varicose veins	12172	0.400739	0.0853	0.0137	5.22E-10	0.139	0.027	0.1522	1	GATA2
12:111932800_C_T	rs7137828	"Other chronic ischemic heart disease, unspecified"	14921	0.482671	-0.0747	0.0124	1.79E-09	-0.2335	0.0265	0.1154	3	ATXN2
3:128316939_A_G	rs9864772	Varicose veins of lower extremity	11697	0.400774	0.084	0.014	1.90E-09	0.139	0.027	0.1522	1	GATA2
12:111884608_T_C	rs3184504	"Other chronic ischemic heart disease, unspecified"	14921	0.481615	-0.0743	0.0124	2.14E-09	-0.2364	0.0265	0.2994	2	ATXN2
5:1285974_C_A	rs7705526	Uterine leiomyoma	10344	0.325370976	0.092789848	0.015591849	2.66E-09	0.4571	0.0295	1	1	TERT
12:111865049_C_G	rs7310615	"Other chronic ischemic heart disease, unspecified"	14921	0.481388	-0.0743	0.0125	2.73E-09	-0.2421	0.027	0.4448	1	SH2B3
5:1285974_C_A	rs7705526	Benign neoplasm of uterus	10609	0.325377015	0.091185261	0.015406362	3.25E-09	0.4571	0.0295	1	1	TERT
12:111884608_T_C	rs3184504	Intestinal malabsorption (non-celiac)	2103	0.481899	-0.179	0.0312	9.16E-09	-0.2364	0.0265	0.2994	2	ATXN2
12:111865049_C_G	rs7310615	Intestinal malabsorption (non-celiac)	2103	0.481657	-0.18	0.0314	1.12E-08	-0.2421	0.027	0.4448	1	SH2B3
5:1285974_C_A	rs7705526	Manlignant and unknown neoplasms of brain and nervous system	655	0.325598	0.344	0.0604	1.26E-08	0.4571	0.0295	1	1	TERT
12:111932800_C_T	rs7137828	Intestinal malabsorption (non-celiac)	2103	0.482929	-0.176	0.0313	1.69E-08	-0.2335	0.0265	0.1154	3	ATXN2
5:1285974_C_A	rs7705526	Other non-epithelial cancer of skin	11149	0.32559	0.0842	0.0151	2.36E-08	0.4571	0.0295	1	1	TERT
5:1285974_C_A	rs7705526	Cancer of brain and nervous system	531	0.325584	0.374	0.0671	2.44E-08	0.4571	0.0295	1	1	TERT
5:1287194_G_A	rs2853677	Benign neoplasm of uterus	10609	0.422299026	-0.080423445	0.01442832	2.49E-08	-0.3762	0.027	1	1	TERT
5:1287194_G_A	rs2853677	Seborrheic keratosis	3092	0.422256	0.144	0.026	2.91E-08	-0.3762	0.027	1	1	TERT
5:1285974_C_A	rs7705526	Skin cancer	13752	0.325635	0.0753	0.0136	3.18E-08	0.4571	0.0295	1	1	TERT
5:1285974_C_A	rs7705526	Cancer of brain	486	0.325579	0.387	0.0702	3.58E-08	0.4571	0.0295	1	1	TERT
5:1287194_G_A	rs2853677	Uterine leiomyoma	10344	0.42226833	-0.079751848	0.014603262	4.73E-08	-0.3762	0.027	1	1	TERT
5:1285974_C_A	rs7705526	Benign neoplasm of ovary	1481	0.324598961	0.218545152	0.040168952	5.31E-08	0.4571	0.0295	1	1	TERT
5:1285974_C_A	rs7705526	Seborrheic keratosis	3092	0.325609	-0.146	0.0278	1.35E-07	0.4571	0.0295	1	1	TERT
6:34189337_G_A	rs141891664	Essential hypertension	77723	0.047466	0.0793	0.0151	1.45E-07	0.3704	0.064	0.2487	2	HMGA1
6:34189337_G_A	rs141891664	Hypertension	77977	0.047459	0.0782	0.0151	2.07E-07	0.3704	0.064	0.2487	2	HMGA1
6:34235378_T_C	rs116466979	Essential hypertension	77723	0.048002	0.0774	0.015	2.58E-07	0.4031	0.0682	0.4154	1	NUDT3
6:34235378_T_C	rs116466979	Hypertension	77977	0.047994	0.0763	0.015	3.68E-07	0.4031	0.0682	0.4154	1	NUDT3
12:111932800_C_T	rs7137828	Angina pectoris	16175	0.482568	-0.0596	0.0119	5.85E-07	-0.2335	0.0265	0.1154	3	ATXN2
12:111884608_T_C	rs3184504	Angina pectoris	16175	0.481513	-0.0594	0.0119	6.21E-07	-0.2364	0.0265	0.2994	2	ATXN2
12:111865049_C_G	rs7310615	Angina pectoris	16175	0.481283	-0.059	0.012	8.92E-07	-0.2421	0.027	0.4448	1	SH2B3
12:111884608_T_C	rs3184504	Secondary malignancy of lymph nodes	5379	0.482132	0.0959	0.0195	8.96E-07	-0.2364	0.0265	0.2994	2	ATXN2
12:111932800_C_T	rs7137828	Secondary malignancy of lymph nodes	5379	0.483202	0.0937	0.0195	1.64E-06	-0.2335	0.0265	0.1154	3	ATXN2
12:111865049_C_G	rs7310615	Secondary malignancy of lymph nodes	5379	0.481899	0.0941	0.0197	1.69E-06	-0.2421	0.027	0.4448	1	SH2B3
13:41331497_T_C	rs8002412	Uterine leiomyoma	10344	0.180710521	0.087279188	0.018705536	3.07E-06	0.1856	0.0333	0.0527	1	MRPS31
5:1287194_G_A	rs2853677	Cancer of bladder	2427	0.422222	-0.137	0.0294	3.40E-06	-0.3762	0.027	1	1	TERT
12:111884608_T_C	rs3184504	Malignant neoplasm of female breast	11874	0.481863312	0.062828961	0.013675355	4.34E-06	-0.2364	0.0265	0.2994	2	ATXN2
12:111932800_C_T	rs7137828	Malignant neoplasm of female breast	11874	0.482909823	0.062781363	0.013690051	4.52E-06	-0.2335	0.0265	0.1154	3	ATXN2
13:41331497_T_C	rs8002412	Benign neoplasm of uterus	10609	0.180702686	0.084050915	0.018482161	5.42E-06	0.1856	0.0333	0.0527	1	MRPS31
12:111932800_C_T	rs7137828	Breast cancer [female]	12671	0.482894897	0.06017607	0.01328511	5.91E-06	-0.2335	0.0265	0.1154	3	ATXN2
12:111884608_T_C	rs3184504	Breast cancer [female]	12671	0.481853734	0.059855338	0.013270738	6.47E-06	-0.2364	0.0265	0.2994	2	ATXN2
12:111884608_T_C	rs3184504	Secondary malignant neoplasm	9483	0.48207	0.0669	0.0148	6.65E-06	-0.2364	0.0265	0.2994	2	ATXN2
12:111932800_C_T	rs7137828	Breast cancer	12898	0.483278	0.0592	0.0132	7.05E-06	-0.2335	0.0265	0.1154	3	ATXN2
12:111865049_C_G	rs7310615	Malignant neoplasm of female breast	11874	0.481611206	0.061763065	0.013773935	7.32E-06	-0.2421	0.027	0.4448	1	SH2B3
12:111884608_T_C	rs3184504	Breast cancer	12898	0.482238	0.0588	0.0132	7.87E-06	-0.2364	0.0265	0.2994	2	ATXN2
5:1287194_G_A	rs2853677	Malignant neoplasm of bladder	2146	0.422204	-0.14	0.0314	7.88E-06	-0.3762	0.027	1	1	TERT
12:111865049_C_G	rs7310615	Breast cancer [female]	12671	0.481592137	0.059533603	0.013366559	8.43E-06	-0.2421	0.027	0.4448	1	SH2B3
12:111932800_C_T	rs7137828	Rheumatoid arthritis	4412	0.483685	-0.0964	0.0217	8.70E-06	-0.2335	0.0265	0.1154	3	ATXN2
12:111865049_C_G	rs7310615	Breast cancer	12898	0.482002	0.0586	0.0133	9.75E-06	-0.2421	0.027	0.4448	1	SH2B3
12:111865049_C_G	rs7310615	Secondary malignant neoplasm	9483	0.481838	0.0659	0.015	1.05E-05	-0.2421	0.027	0.4448	1	SH2B3
12:111884608_T_C	rs3184504	Rheumatoid arthritis	4412	0.482636	-0.0953	0.0217	1.08E-05	-0.2364	0.0265	0.2994	2	ATXN2
12:111865049_C_G	rs7310615	Rheumatoid arthritis	4412	0.482377	-0.0957	0.0218	1.14E-05	-0.2421	0.027	0.4448	1	SH2B3
12:111932800_C_T	rs7137828	Secondary malignant neoplasm	9483	0.483142	0.0652	0.0149	1.14E-05	-0.2335	0.0265	0.1154	3	ATXN2
5:1287194_G_A	rs2853677	Degenerative skin conditions and other dermatoses	5522	0.422274	0.0837	0.0195	1.83E-05	-0.3762	0.027	1	1	TERT
12:111932800_C_T	rs7137828	Rheumatoid arthritis and other inflammatory polyarthropathies	4879	0.483686	-0.0878	0.0206	2.11E-05	-0.2335	0.0265	0.1154	3	ATXN2
12:111884608_T_C	rs3184504	Rheumatoid arthritis and other inflammatory polyarthropathies	4879	0.482637	-0.0869	0.0206	2.48E-05	-0.2364	0.0265	0.2994	2	ATXN2
12:111865049_C_G	rs7310615	Rheumatoid arthritis and other inflammatory polyarthropathies	4879	0.482377	-0.0867	0.0208	2.96E-05	-0.2421	0.027	0.4448	1	SH2B3
11:108143456_C_G	rs1800057	Benign neoplasm of colon	20204	0.027594	0.134	0.0324	3.38E-05	0.4994	0.0785	0.1179	1	ATM
11:108143456_C_G	rs1800057	Melanomas of skin	2691	0.027527	0.351	0.0854	3.95E-05	0.4994	0.0785	0.1179	1	ATM
11:108143456_C_G	rs1800057	"Melanomas of skin, dx or hx"	2691	0.027527	0.351	0.0854	3.95E-05	0.4994	0.0785	0.1179	1	ATM