study_names_in	variant_names_in	beta_in	lambda_se_in	M	M_se	bonfpvalue	tau2	I2	Q
23andMe	11:108143456_C_G	0.565718	0.103532	0.759856759	0.150113876	0.000986211	0.023742553	61.10475734	10.28403405
23andMe	12:111865049_C_G	0.331385	0.0430792	0.759856759	0.150113876	0.000986211	0.007666367	79.62044151	19.62751058
23andMe	13:41331497_T_C	0.204887	0.0510143	0.759856759	0.150113876	0.000986211	0	0	0.777365802
23andMe	14:101164715_T_A	0.228511	0.0829057	0.759856759	0.150113876	0.000986211	0	0	0.153477042
23andMe	14:28341915_T_A	0.812706	0.173039	0.759856759	0.150113876	0.000986211	0.247410683	64.23452338	8.387977132
23andMe	18:22810619_T_C	0.126438	0.0428324	0.759856759	0.150113876	0.000986211	0	0	0.135992217
23andMe	2:45956545_G_A	1.04162	0.257847	0.759856759	0.150113876	0.000986211	0.042945206	33.64183426	6.027894164
23andMe	21:36347627_T_C	0.221964	0.0452506	0.759856759	0.150113876	0.000986211	0.000368185	14.79682508	4.694660737
23andMe	22:29121087_A_G	0.431798	0.292147	0.759856759	0.150113876	0.000986211	0.149800694	63.9686602	11.10144675
23andMe	3:128316939_A_G	0.176469	0.0423715	0.759856759	0.150113876	0.000986211	0	0	2.749674525
23andMe	3:159633461_C_G	0.840168	0.313895	0.759856759	0.150113876	0.000986211	0.641122613	80.73884524	20.76718686
23andMe	3:160284736_C_T	0.262523	0.0676364	0.759856759	0.150113876	0.000986211	0.012527059	70.00839067	13.33706356
23andMe	3:168832107_T_G	0.212135	0.0408428	0.759856759	0.150113876	0.000986211	0.000779345	25.30916267	4.016556926
23andMe	4:105758059_T_A	0.67211	0.102397	0.759856759	0.150113876	0.000986211	0	0	2.069006535
23andMe	5:1100831_G_A	0.172564	0.043353	0.759856759	0.150113876	0.000986211	0.002664709	58.73951272	9.694504993
23andMe	5:1137320_C_A	0.157488	0.0443448	0.759856759	0.150113876	0.000986211	0.004759103	66.11757926	8.85414895
23andMe	5:1285974_C_A	0.585084	0.0480888	0.759856759	0.150113876	0.000986211	0.028739876	93.01604615	57.27414712
23andMe	5:1287194_G_A	0.503348	0.0420621	0.759856759	0.150113876	0.000986211	0.023014364	92.28251669	51.83036798
23andMe	5:76086597_C_T	0.151675	0.0473583	0.759856759	0.150113876	0.000986211	0.00285647	48.27757409	5.800191981
23andMe	6:34235378_T_C	0.46779	0.0919059	0.759856759	0.150113876	0.000986211	0.034617355	79.9723883	14.97931977
23andMe	7:130746955_C_A	0.254152	0.0471601	0.759856759	0.150113876	0.000986211	0.007656345	77.63503177	17.88511371
23andMe	7:2112506_G_A	0.09129	0.0444534	0.759856759	0.150113876	0.000986211	0.002612806	55.53038278	8.994905398
23andMe	9:135879138_C_T	0.232368	0.0432725	0.759856759	0.150113876	0.000986211	0.000383311	11.73489634	3.398851727
23andMe	9:4999303_A_G	0.878142	0.0420094	0.759856759	0.150113876	0.000986211	0.035543103	93.17867808	43.97974523
FinnGen	11:108143456_C_G	0.6028	0.2902	0.259184411	0.134271002	1	0.023742553	61.10475734	10.28403405
FinnGen	12:111865049_C_G	0.1547	0.0574	0.259184411	0.134271002	1	0.007666367	79.62044151	19.62751058
FinnGen	13:41331497_T_C	0.1895	0.0716	0.259184411	0.134271002	1	0	0	0.777365802
FinnGen	14:101164715_T_A	0.2437	0.0782	0.259184411	0.134271002	1	0	0	0.153477042
FinnGen	18:22810619_T_C	0.1526	0.0612	0.259184411	0.134271002	1	0	0	0.135992217
FinnGen	2:45956545_G_A	0.5154	0.4151	0.259184411	0.134271002	1	0.042945206	33.64183426	6.027894164
FinnGen	21:36347627_T_C	0.1085	0.0596	0.259184411	0.134271002	1	0.000368185	14.79682508	4.694660737
FinnGen	22:29121087_A_G	0.8893	0.1784	0.259184411	0.134271002	1	0.149800694	63.9686602	11.10144675
FinnGen	3:128316939_A_G	0.1145	0.0583	0.259184411	0.134271002	1	0	0	2.749674525
FinnGen	3:159633461_C_G	1.5659	0.2705	0.259184411	0.134271002	1	0.641122613	80.73884524	20.76718686
FinnGen	3:160284736_C_T	0.2827	0.0774	0.259184411	0.134271002	1	0.012527059	70.00839067	13.33706356
FinnGen	3:168832107_T_G	0.0917	0.0572	0.259184411	0.134271002	1	0.000779345	25.30916267	4.016556926
FinnGen	4:105758059_T_A	0.8946	0.1344	0.259184411	0.134271002	1	0	0	2.069006535
FinnGen	5:1100831_G_A	0.093	0.0576	0.259184411	0.134271002	1	0.002664709	58.73951272	9.694504993
FinnGen	5:1137320_C_A	0.2008	0.057	0.259184411	0.134271002	1	0.004759103	66.11757926	8.85414895
FinnGen	5:1285974_C_A	0.4122	0.0614	0.259184411	0.134271002	1	0.028739876	93.01604615	57.27414712
FinnGen	5:1287194_G_A	0.359	0.0588	0.259184411	0.134271002	1	0.023014364	92.28251669	51.83036798
FinnGen	5:76086597_C_T	0.0831	0.0625	0.259184411	0.134271002	1	0.00285647	48.27757409	5.800191981
FinnGen	7:130746955_C_A	0.3581	0.0599	0.259184411	0.134271002	1	0.007656345	77.63503177	17.88511371
FinnGen	7:2112506_G_A	0.1345	0.0593	0.259184411	0.134271002	1	0.002612806	55.53038278	8.994905398
FinnGen	9:135879138_C_T	0.1642	0.0686	0.259184411	0.134271002	1	0.000383311	11.73489634	3.398851727
FinnGen	9:4999303_A_G	0.6659	0.0627	0.259184411	0.134271002	1	0.035543103	93.17867808	43.97974523
MVP_jak2	11:108143456_C_G	0.377826661	0.126460286	-0.315039727	0.130177488	0.613701308	0.023742553	61.10475734	10.28403405
MVP_jak2	12:111865049_C_G	0.081803507	0.059584027	-0.315039727	0.130177488	0.613701308	0.007666367	79.62044151	19.62751058
MVP_jak2	13:41331497_T_C	0.246649118	0.087474463	-0.315039727	0.130177488	0.613701308	0	0	0.777365802
MVP_jak2	14:101164715_T_A	0.19769269	0.095059187	-0.315039727	0.130177488	0.613701308	0	0	0.153477042
MVP_jak2	14:28341915_T_A	-0.300561997	0.584856787	-0.315039727	0.130177488	0.613701308	0.247410683	64.23452338	8.387977132
MVP_jak2	18:22810619_T_C	0.140963514	0.051873262	-0.315039727	0.130177488	0.613701308	0	0	0.135992217
MVP_jak2	2:45956545_G_A	0.480826104	0.380442537	-0.315039727	0.130177488	0.613701308	0.042945206	33.64183426	6.027894164
MVP_jak2	21:36347627_T_C	0.121695372	0.05784193	-0.315039727	0.130177488	0.613701308	0.000368185	14.79682508	4.694660737
MVP_jak2	22:29121087_A_G	0.554000049	0.339750185	-0.315039727	0.130177488	0.613701308	0.149800694	63.9686602	11.10144675
MVP_jak2	3:128316939_A_G	0.115593975	0.051179481	-0.315039727	0.130177488	0.613701308	0	0	2.749674525
MVP_jak2	3:159633461_C_G	0.102980686	0.583532713	-0.315039727	0.130177488	0.613701308	0.641122613	80.73884524	20.76718686
MVP_jak2	3:160284736_C_T	0.270301909	0.127138675	-0.315039727	0.130177488	0.613701308	0.012527059	70.00839067	13.33706356
MVP_jak2	3:168832107_T_G	0.121934893	0.052608484	-0.315039727	0.130177488	0.613701308	0.000779345	25.30916267	4.016556926
MVP_jak2	4:105758059_T_A	0.672342251	0.114828622	-0.315039727	0.130177488	0.613701308	0	0	2.069006535
MVP_jak2	5:1100831_G_A	0.02023434	0.050461841	-0.315039727	0.130177488	0.613701308	0.002664709	58.73951272	9.694504993
MVP_jak2	5:1137320_C_A	-0.012058411	0.054011105	-0.315039727	0.130177488	0.613701308	0.004759103	66.11757926	8.85414895
MVP_jak2	5:1285974_C_A	0.383192232	0.055226637	-0.315039727	0.130177488	0.613701308	0.028739876	93.01604615	57.27414712
MVP_jak2	5:1287194_G_A	0.378054729	0.055938661	-0.315039727	0.130177488	0.613701308	0.023014364	92.28251669	51.83036798
MVP_jak2	5:76086597_C_T	0.021184026	0.059850841	-0.315039727	0.130177488	0.613701308	0.00285647	48.27757409	5.800191981
MVP_jak2	6:34235378_T_C	0.42303649	0.11029673	-0.315039727	0.130177488	0.613701308	0.034617355	79.9723883	14.97931977
MVP_jak2	7:130746955_C_A	0.176870839	0.052861962	-0.315039727	0.130177488	0.613701308	0.007656345	77.63503177	17.88511371
MVP_jak2	7:2112506_G_A	0.039038004	0.059621579	-0.315039727	0.130177488	0.613701308	0.002612806	55.53038278	8.994905398
MVP_jak2	9:135879138_C_T	0.212058337	0.060125815	-0.315039727	0.130177488	0.613701308	0.000383311	11.73489634	3.398851727
MVP_jak2	9:4999303_A_G	0.718697961	0.051570213	-0.315039727	0.130177488	0.613701308	0.035543103	93.17867808	43.97974523
MVP_jak2_or_mpn	11:108143456_C_G	0.155421301	0.086043537	-1.209401216	0.060373585	1.56E-08	0.023742553	61.10475734	10.28403405
MVP_jak2_or_mpn	12:111865049_C_G	0.118138528	0.030326067	-1.209401216	0.060373585	1.56E-08	0.007666367	79.62044151	19.62751058
MVP_jak2_or_mpn	14:28341915_T_A	-0.042932554	0.338022325	-1.209401216	0.060373585	1.56E-08	0.247410683	64.23452338	8.387977132
MVP_jak2_or_mpn	2:45956545_G_A	0.331000149	0.184965884	-1.209401216	0.060373585	1.56E-08	0.042945206	33.64183426	6.027894164
MVP_jak2_or_mpn	21:36347627_T_C	0.107813505	0.031882489	-1.209401216	0.060373585	1.56E-08	0.000368185	14.79682508	4.694660737
MVP_jak2_or_mpn	22:29121087_A_G	0.229467513	0.246336118	-1.209401216	0.060373585	1.56E-08	0.149800694	63.9686602	11.10144675
MVP_jak2_or_mpn	3:128316939_A_G	0.089610752	0.031252442	-1.209401216	0.060373585	1.56E-08	0	0	2.749674525
MVP_jak2_or_mpn	3:159633461_C_G	-0.164325266	0.335764028	-1.209401216	0.060373585	1.56E-08	0.641122613	80.73884524	20.76718686
MVP_jak2_or_mpn	3:160284736_C_T	0.022700386	0.052952545	-1.209401216	0.060373585	1.56E-08	0.012527059	70.00839067	13.33706356
MVP_jak2_or_mpn	5:1100831_G_A	0.026213407	0.030431696	-1.209401216	0.060373585	1.56E-08	0.002664709	58.73951272	9.694504993
MVP_jak2_or_mpn	5:1285974_C_A	0.170915083	0.031198163	-1.209401216	0.060373585	1.56E-08	0.028739876	93.01604615	57.27414712
MVP_jak2_or_mpn	5:1287194_G_A	0.149763929	0.03035462	-1.209401216	0.060373585	1.56E-08	0.023014364	92.28251669	51.83036798
MVP_jak2_or_mpn	6:34235378_T_C	0.05662605	0.074699427	-1.209401216	0.060373585	1.56E-08	0.034617355	79.9723883	14.97931977
MVP_jak2_or_mpn	7:130746955_C_A	0.095619223	0.033447446	-1.209401216	0.060373585	1.56E-08	0.007656345	77.63503177	17.88511371
MVP_jak2_or_mpn	7:2112506_G_A	0.037690697	0.031738198	-1.209401216	0.060373585	1.56E-08	0.002612806	55.53038278	8.994905398
UKBB	11:108143456_C_G	0.369516709	0.132332372	0.197985676	0.180997612	1	0.023742553	61.10475734	10.28403405
UKBB	12:111865049_C_G	0.201368853	0.043470647	0.197985676	0.180997612	1	0.007666367	79.62044151	19.62751058
UKBB	13:41331497_T_C	0.160186443	0.055891513	0.197985676	0.180997612	1	0	0	0.777365802
UKBB	14:101164715_T_A	0.216135127	0.075918431	0.197985676	0.180997612	1	0	0	0.153477042
UKBB	14:28341915_T_A	1.235579542	0.673916302	0.197985676	0.180997612	1	0.247410683	64.23452338	8.387977132
UKBB	18:22810619_T_C	0.140435347	0.044793821	0.197985676	0.180997612	1	0	0	0.135992217
UKBB	2:45956545_G_A	0.904340242	0.331954071	0.197985676	0.180997612	1	0.042945206	33.64183426	6.027894164
UKBB	21:36347627_T_C	0.127845642	0.046307546	0.197985676	0.180997612	1	0.000368185	14.79682508	4.694660737
UKBB	22:29121087_A_G	3.996817778	1.393663681	0.197985676	0.180997612	1	0.149800694	63.9686602	11.10144675
UKBB	3:128316939_A_G	0.112591435	0.044031669	0.197985676	0.180997612	1	0	0	2.749674525
UKBB	3:159633461_C_G	2.694143713	1.06520425	0.197985676	0.180997612	1	0.641122613	80.73884524	20.76718686
UKBB	3:160284736_C_T	0.244564151	0.073545356	0.197985676	0.180997612	1	0.012527059	70.00839067	13.33706356
UKBB	3:168832107_T_G	0.122373802	0.04410992	0.197985676	0.180997612	1	0.000779345	25.30916267	4.016556926
UKBB	4:105758059_T_A	0.727737881	0.134035994	0.197985676	0.180997612	1	0	0	2.069006535
UKBB	5:1100831_G_A	0.11368507	0.043557956	0.197985676	0.180997612	1	0.002664709	58.73951272	9.694504993
UKBB	5:1137320_C_A	0.139686924	0.044353584	0.197985676	0.180997612	1	0.004759103	66.11757926	8.85414895
UKBB	5:1285974_C_A	0.360422152	0.047192486	0.197985676	0.180997612	1	0.028739876	93.01604615	57.27414712
UKBB	5:1287194_G_A	0.248142257	0.043765127	0.197985676	0.180997612	1	0.023014364	92.28251669	51.83036798
UKBB	5:76086597_C_T	0.201312006	0.053614175	0.197985676	0.180997612	1	0.00285647	48.27757409	5.800191981
UKBB	6:34235378_T_C	0.323962814	0.101590293	0.197985676	0.180997612	1	0.034617355	79.9723883	14.97931977
UKBB	7:130746955_C_A	0.209040842	0.049468206	0.197985676	0.180997612	1	0.007656345	77.63503177	17.88511371
UKBB	7:2112506_G_A	0.190912436	0.045180142	0.197985676	0.180997612	1	0.002612806	55.53038278	8.994905398
UKBB	9:135879138_C_T	0.117810129	0.048666019	0.197985676	0.180997612	1	0.000383311	11.73489634	3.398851727
UKBB	9:4999303_A_G	0.441365559	0.051146547	0.197985676	0.180997612	1	0.035543103	93.17867808	43.97974523