study_names_in	variant_names_in	beta_in	lambda_se_in	M	M_se	bonfpvalue	tau2	I2	Q
23andMe	11:108143456_C_G	0.565718	0.103532	0.60383485652848	0.16553930597793	0.0123786723055009	0	0	2.16758534241421
23andMe	12:111865049_C_G	0.331385	0.0430792	0.60383485652848	0.16553930597793	0.0123786723055009	0.0087157638514203	77.7744456030872	13.4979760073688
23andMe	13:41331497_T_C	0.204887	0.0510143	0.60383485652848	0.16553930597793	0.0123786723055009	0	0	0.777365802264441
23andMe	14:101164715_T_A	0.228511	0.0829057	0.60383485652848	0.16553930597793	0.0123786723055009	0	0	0.153477042389429
23andMe	14:28341915_T_A	0.812706	0.173039	0.60383485652848	0.16553930597793	0.0123786723055009	0.203541157487382	48.4118942780974	3.87686264500863
23andMe	18:22810619_T_C	0.126438	0.0428324	0.60383485652848	0.16553930597793	0.0123786723055009	0	0	0.135992217364457
23andMe	2:45956545_G_A	1.04162	0.257847	0.60383485652848	0.16553930597793	0.0123786723055009	0	0	2.13656931158749
23andMe	21:36347627_T_C	0.221964	0.0452506	0.60383485652848	0.16553930597793	0.0123786723055009	0.000414944893090457	13.4990039785201	3.46816815757247
23andMe	22:29121087_A_G	0.431798	0.292147	0.60383485652848	0.16553930597793	0.0123786723055009	0.154829872858894	60.2592334286384	7.54892333194672
23andMe	3:128316939_A_G	0.176469	0.0423715	0.60383485652848	0.16553930597793	0.0123786723055009	0	0	1.4822063166694
23andMe	3:159633461_C_G	0.840168	0.313895	0.60383485652848	0.16553930597793	0.0123786723055009	0.335238134058594	65.2553868187383	8.63443200345642
23andMe	3:160284736_C_T	0.262523	0.0676364	0.60383485652848	0.16553930597793	0.0123786723055009	0	0	0.130884905390028
23andMe	3:168832107_T_G	0.212135	0.0408428	0.60383485652848	0.16553930597793	0.0123786723055009	0.000779344885706077	25.3091626654558	4.0165569259357
23andMe	4:105758059_T_A	0.67211	0.102397	0.60383485652848	0.16553930597793	0.0123786723055009	0	0	2.06900653511978
23andMe	5:1100831_G_A	0.172564	0.043353	0.60383485652848	0.16553930597793	0.0123786723055009	0.00179830690429969	43.6747247379232	5.32620566174111
23andMe	5:1137320_C_A	0.157488	0.0443448	0.60383485652848	0.16553930597793	0.0123786723055009	0.00475910283061419	66.1175792625864	8.85414895012901
23andMe	5:1285974_C_A	0.585084	0.0480888	0.60383485652848	0.16553930597793	0.0123786723055009	0.00936174908793794	77.286657582976	13.2080956863111
23andMe	5:1287194_G_A	0.503348	0.0420621	0.60383485652848	0.16553930597793	0.0123786723055009	0.0119478848037874	83.1325607431424	17.7857465754935
23andMe	5:76086597_C_T	0.151675	0.0473583	0.60383485652848	0.16553930597793	0.0123786723055009	0.00285646983146488	48.2775740941639	5.80019198144667
23andMe	6:34235378_T_C	0.46779	0.0919059	0.60383485652848	0.16553930597793	0.0123786723055009	0	0	1.12599745254745
23andMe	7:130746955_C_A	0.254152	0.0471601	0.60383485652848	0.16553930597793	0.0123786723055009	0.00250780463468143	48.1353920540616	5.78429128998156
23andMe	7:2112506_G_A	0.09129	0.0444534	0.60383485652848	0.16553930597793	0.0123786723055009	0.00156180928872939	37.2753601536177	4.78280944672978
23andMe	9:135879138_C_T	0.232368	0.0432725	0.60383485652848	0.16553930597793	0.0123786723055009	0.000383310655124617	11.7348963362827	3.39885172675914
23andMe	9:4999303_A_G	0.878142	0.0420094	0.60383485652848	0.16553930597793	0.0123786723055009	0.0355431025792115	93.1786780834024	43.9797452265145
FinnGen	11:108143456_C_G	0.6028	0.2902	0.103197727933154	0.145595372049581	1	0	0	2.16758534241421
FinnGen	12:111865049_C_G	0.1547	0.0574	0.103197727933154	0.145595372049581	1	0.0087157638514203	77.7744456030872	13.4979760073688
FinnGen	13:41331497_T_C	0.1895	0.0716	0.103197727933154	0.145595372049581	1	0	0	0.777365802264441
FinnGen	14:101164715_T_A	0.2437	0.0782	0.103197727933154	0.145595372049581	1	0	0	0.153477042389429
FinnGen	18:22810619_T_C	0.1526	0.0612	0.103197727933154	0.145595372049581	1	0	0	0.135992217364457
FinnGen	2:45956545_G_A	0.5154	0.4151	0.103197727933154	0.145595372049581	1	0	0	2.13656931158749
FinnGen	21:36347627_T_C	0.1085	0.0596	0.103197727933154	0.145595372049581	1	0.000414944893090457	13.4990039785201	3.46816815757247
FinnGen	22:29121087_A_G	0.8893	0.1784	0.103197727933154	0.145595372049581	1	0.154829872858894	60.2592334286384	7.54892333194672
FinnGen	3:128316939_A_G	0.1145	0.0583	0.103197727933154	0.145595372049581	1	0	0	1.4822063166694
FinnGen	3:159633461_C_G	1.5659	0.2705	0.103197727933154	0.145595372049581	1	0.335238134058594	65.2553868187383	8.63443200345642
FinnGen	3:160284736_C_T	0.2827	0.0774	0.103197727933154	0.145595372049581	1	0	0	0.130884905390028
FinnGen	3:168832107_T_G	0.0917	0.0572	0.103197727933154	0.145595372049581	1	0.000779344885706077	25.3091626654558	4.0165569259357
FinnGen	4:105758059_T_A	0.8946	0.1344	0.103197727933154	0.145595372049581	1	0	0	2.06900653511978
FinnGen	5:1100831_G_A	0.093	0.0576	0.103197727933154	0.145595372049581	1	0.00179830690429969	43.6747247379232	5.32620566174111
FinnGen	5:1137320_C_A	0.2008	0.057	0.103197727933154	0.145595372049581	1	0.00475910283061419	66.1175792625864	8.85414895012901
FinnGen	5:1285974_C_A	0.4122	0.0614	0.103197727933154	0.145595372049581	1	0.00936174908793794	77.286657582976	13.2080956863111
FinnGen	5:1287194_G_A	0.359	0.0588	0.103197727933154	0.145595372049581	1	0.0119478848037874	83.1325607431424	17.7857465754935
FinnGen	5:76086597_C_T	0.0831	0.0625	0.103197727933154	0.145595372049581	1	0.00285646983146488	48.2775740941639	5.80019198144667
FinnGen	7:130746955_C_A	0.3581	0.0599	0.103197727933154	0.145595372049581	1	0.00250780463468143	48.1353920540616	5.78429128998156
FinnGen	7:2112506_G_A	0.1345	0.0593	0.103197727933154	0.145595372049581	1	0.00156180928872939	37.2753601536177	4.78280944672978
FinnGen	9:135879138_C_T	0.1642	0.0686	0.103197727933154	0.145595372049581	1	0.000383310655124617	11.7348963362827	3.39885172675914
FinnGen	9:4999303_A_G	0.6659	0.0627	0.103197727933154	0.145595372049581	1	0.0355431025792115	93.1786780834024	43.9797452265145
MVP_jak2	11:108143456_C_G	0.377826660804208	0.126460285905997	-0.60312314070601	0.140241426777281	0.0125194201185746	0	0	2.16758534241421
MVP_jak2	12:111865049_C_G	0.0818035069711522	0.0595840273369356	-0.60312314070601	0.140241426777281	0.0125194201185746	0.0087157638514203	77.7744456030872	13.4979760073688
MVP_jak2	13:41331497_T_C	0.246649118181082	0.0874744626786405	-0.60312314070601	0.140241426777281	0.0125194201185746	0	0	0.777365802264441
MVP_jak2	14:101164715_T_A	0.197692689681949	0.0950591868373736	-0.60312314070601	0.140241426777281	0.0125194201185746	0	0	0.153477042389429
MVP_jak2	14:28341915_T_A	-0.300561997043871	0.584856787402918	-0.60312314070601	0.140241426777281	0.0125194201185746	0.203541157487382	48.4118942780974	3.87686264500863
MVP_jak2	18:22810619_T_C	0.140963513973265	0.0518732617861036	-0.60312314070601	0.140241426777281	0.0125194201185746	0	0	0.135992217364457
MVP_jak2	2:45956545_G_A	0.48082610442293	0.380442536691508	-0.60312314070601	0.140241426777281	0.0125194201185746	0	0	2.13656931158749
MVP_jak2	21:36347627_T_C	0.121695372476299	0.0578419303286227	-0.60312314070601	0.140241426777281	0.0125194201185746	0.000414944893090457	13.4990039785201	3.46816815757247
MVP_jak2	22:29121087_A_G	0.554000049149787	0.339750184991989	-0.60312314070601	0.140241426777281	0.0125194201185746	0.154829872858894	60.2592334286384	7.54892333194672
MVP_jak2	3:128316939_A_G	0.115593974743245	0.0511794805380525	-0.60312314070601	0.140241426777281	0.0125194201185746	0	0	1.4822063166694
MVP_jak2	3:159633461_C_G	0.102980686108545	0.583532712907811	-0.60312314070601	0.140241426777281	0.0125194201185746	0.335238134058594	65.2553868187383	8.63443200345642
MVP_jak2	3:160284736_C_T	0.270301908620245	0.127138675010933	-0.60312314070601	0.140241426777281	0.0125194201185746	0	0	0.130884905390028
MVP_jak2	3:168832107_T_G	0.121934892698977	0.0526084842819325	-0.60312314070601	0.140241426777281	0.0125194201185746	0.000779344885706077	25.3091626654558	4.0165569259357
MVP_jak2	4:105758059_T_A	0.672342251126757	0.114828622028146	-0.60312314070601	0.140241426777281	0.0125194201185746	0	0	2.06900653511978
MVP_jak2	5:1100831_G_A	0.0202343404709036	0.0504618412025039	-0.60312314070601	0.140241426777281	0.0125194201185746	0.00179830690429969	43.6747247379232	5.32620566174111
MVP_jak2	5:1137320_C_A	-0.0120584112941775	0.0540111050630998	-0.60312314070601	0.140241426777281	0.0125194201185746	0.00475910283061419	66.1175792625864	8.85414895012901
MVP_jak2	5:1285974_C_A	0.383192232258772	0.0552266373413963	-0.60312314070601	0.140241426777281	0.0125194201185746	0.00936174908793794	77.286657582976	13.2080956863111
MVP_jak2	5:1287194_G_A	0.378054728579686	0.0559386611258446	-0.60312314070601	0.140241426777281	0.0125194201185746	0.0119478848037874	83.1325607431424	17.7857465754935
MVP_jak2	5:76086597_C_T	0.0211840256671298	0.0598508411347739	-0.60312314070601	0.140241426777281	0.0125194201185746	0.00285646983146488	48.2775740941639	5.80019198144667
MVP_jak2	6:34235378_T_C	0.423036489856389	0.110296729933564	-0.60312314070601	0.140241426777281	0.0125194201185746	0	0	1.12599745254745
MVP_jak2	7:130746955_C_A	0.176870838983531	0.0528619620979501	-0.60312314070601	0.140241426777281	0.0125194201185746	0.00250780463468143	48.1353920540616	5.78429128998156
MVP_jak2	7:2112506_G_A	0.0390380041553164	0.0596215793429324	-0.60312314070601	0.140241426777281	0.0125194201185746	0.00156180928872939	37.2753601536177	4.78280944672978
MVP_jak2	9:135879138_C_T	0.212058336724039	0.0601258145867172	-0.60312314070601	0.140241426777281	0.0125194201185746	0.000383310655124617	11.7348963362827	3.39885172675914
MVP_jak2	9:4999303_A_G	0.718697961403951	0.0515702131415046	-0.60312314070601	0.140241426777281	0.0125194201185746	0.0355431025792115	93.1786780834024	43.9797452265145
UKBB	11:108143456_C_G	0.369516709081043	0.132332372438103	-0.0704880466123477	0.195069747178376	1	0	0	2.16758534241421
UKBB	12:111865049_C_G	0.20136885346761	0.0434706473496633	-0.0704880466123477	0.195069747178376	1	0.0087157638514203	77.7744456030872	13.4979760073688
UKBB	13:41331497_T_C	0.160186443219198	0.0558915127584054	-0.0704880466123477	0.195069747178376	1	0	0	0.777365802264441
UKBB	14:101164715_T_A	0.216135127227564	0.075918431125846	-0.0704880466123477	0.195069747178376	1	0	0	0.153477042389429
UKBB	14:28341915_T_A	1.23557954180015	0.673916302426154	-0.0704880466123477	0.195069747178376	1	0.203541157487382	48.4118942780974	3.87686264500863
UKBB	18:22810619_T_C	0.140435346673105	0.0447938210422061	-0.0704880466123477	0.195069747178376	1	0	0	0.135992217364457
UKBB	2:45956545_G_A	0.904340242416768	0.331954070706827	-0.0704880466123477	0.195069747178376	1	0	0	2.13656931158749
UKBB	21:36347627_T_C	0.12784564201651	0.0463075455010899	-0.0704880466123477	0.195069747178376	1	0.000414944893090457	13.4990039785201	3.46816815757247
UKBB	22:29121087_A_G	3.99681777847292	1.39366368101799	-0.0704880466123477	0.195069747178376	1	0.154829872858894	60.2592334286384	7.54892333194672
UKBB	3:128316939_A_G	0.112591434571222	0.0440316689544235	-0.0704880466123477	0.195069747178376	1	0	0	1.4822063166694
UKBB	3:159633461_C_G	2.69414371332469	1.06520424995766	-0.0704880466123477	0.195069747178376	1	0.335238134058594	65.2553868187383	8.63443200345642
UKBB	3:160284736_C_T	0.244564150844224	0.0735453556125313	-0.0704880466123477	0.195069747178376	1	0	0	0.130884905390028
UKBB	3:168832107_T_G	0.122373802082073	0.0441099202877981	-0.0704880466123477	0.195069747178376	1	0.000779344885706077	25.3091626654558	4.0165569259357
UKBB	4:105758059_T_A	0.727737881457099	0.134035993600343	-0.0704880466123477	0.195069747178376	1	0	0	2.06900653511978
UKBB	5:1100831_G_A	0.113685069853153	0.0435579562865859	-0.0704880466123477	0.195069747178376	1	0.00179830690429969	43.6747247379232	5.32620566174111
UKBB	5:1137320_C_A	0.139686923535936	0.0443535841163622	-0.0704880466123477	0.195069747178376	1	0.00475910283061419	66.1175792625864	8.85414895012901
UKBB	5:1285974_C_A	0.360422152143105	0.0471924862724872	-0.0704880466123477	0.195069747178376	1	0.00936174908793794	77.286657582976	13.2080956863111
UKBB	5:1287194_G_A	0.248142256947145	0.0437651267006426	-0.0704880466123477	0.195069747178376	1	0.0119478848037874	83.1325607431424	17.7857465754935
UKBB	5:76086597_C_T	0.201312005923676	0.0536141748052866	-0.0704880466123477	0.195069747178376	1	0.00285646983146488	48.2775740941639	5.80019198144667
UKBB	6:34235378_T_C	0.323962813538204	0.101590292690045	-0.0704880466123477	0.195069747178376	1	0	0	1.12599745254745
UKBB	7:130746955_C_A	0.209040842338789	0.0494682062257275	-0.0704880466123477	0.195069747178376	1	0.00250780463468143	48.1353920540616	5.78429128998156
UKBB	7:2112506_G_A	0.190912436049607	0.0451801423305386	-0.0704880466123477	0.195069747178376	1	0.00156180928872939	37.2753601536177	4.78280944672978
UKBB	9:135879138_C_T	0.117810128803601	0.048666019110316	-0.0704880466123477	0.195069747178376	1	0.000383310655124617	11.7348963362827	3.39885172675914
UKBB	9:4999303_A_G	0.441365559328651	0.0511465469097116	-0.0704880466123477	0.195069747178376	1	0.0355431025792115	93.1786780834024	43.9797452265145
