rsid	seqnames	start	end	PP	var	region	effect	stderr	pvalue	maf	region_rank	sentinel	Location	Allele	Consequence	IMPACT	SYMBOL	Gene	Feature_type	Feature	BIOTYPE	EXON	INTRON	HGVSc	HGVSp	cDNA_position	CDS_position	Protein_position	Amino_acids	Codons	Existing_variation	DISTANCE	STRAND	FLAGS	SYMBOL_SOURCE	HGNC_ID	TSL	APPRIS	SIFT	PolyPhen	AF	CLIN_SIG	SOMATIC	PHENO	PUBMED	MOTIF_NAME	MOTIF_POS	HIGH_INF_POS	MOTIF_SCORE_CHANGE	CADD_PHRED	CADD_RAW	PPbin
rs1800057	chr11	108143456	108143457	0.2991	11:108143456_C_G	21	0.4763	0.0801	2.701e-09	0.0262	1	yes	11:108143456-108143456	A	missense_variant	MODERATE	ATM	ENSG00000149311	Transcript	ENST00000278616	protein_coding	22/63	-	-	-	3546	3161	1054	P/H	cCt/cAt	rs1800057,CM973365,COSM21827,COSM5932708,COSM5932709	-	1	-	HGNC	795	-	-	deleterious(0)	probably_damaging(0.999)	-	uncertain_significance,benign	0,0,1,1,1	1,1,1,1,1	25741868,21514219,23125224,21935354,24728327,21504893,19109789,21898661,23719583,24218030,17132159,22276117,20826828,17623063,18701470,19348699,19638463,28598434,18374504,20445776,17502119,22438227,23936089,25540025,27764772,30194396,24490143	-	-	-	-	27.7	5.976017	(0.25,0.75]
rs7310615	chr12	111865049	111865050	0.6878	12:111865049_C_G	22	-0.2648	0.0286	2.321e-20	0.485	1	yes	12:111865049-111865049	G	intron_variant	MODIFIER	SH2B3	ENSG00000111252	Transcript	ENST00000341259	protein_coding	-	2/7	-	-	-	-	-	-	-	rs7310615	-	1	-	HGNC	29605	-	-	-	-	0.8524	-	-	1	27365426,28686695,26561523	-	-	-	-	1.332	-0.158838	(0.25,0.75]
rs7323267	chr13	41204015	41204016	0.0574	13:41204015_T_C	23	0.1778	0.0336	1.179e-07	0.2031	1	yes	13:41204015-41204015	C	intron_variant	MODIFIER	FOXO1	ENSG00000150907	Transcript	ENST00000379561	protein_coding	-	1/2	-	-	-	-	-	-	-	rs7323267	-	-1	-	HGNC	3819	-	-	-	-	0.1286	-	-	-	19346957	-	-	-	-	0.634	-0.309047	(0.05,0.25]
rs9545761	chr13	82102166	82102167	0.6405	13:82102166_T_C	24	-0.1399	0.0283	7.477e-07	0.3977	1	yes	13:82102166-82102166	C	intergenic_variant	MODIFIER	-	-	-	-	-	-	-	-	-	-	-	-	-	-	rs9545761	-	-	-	-	-	-	-	-	-	0.73	-	-	-	-	-	-	-	-	0.914	-0.237427	(0.25,0.75]
rs144202762	chr14	28341915	28341916	0.2139	14:28341915_T_A	25	0.8387	0.1676	5.607e-07	0.00600000000000001	1	yes	14:28341915-28341915	A	intergenic_variant	MODIFIER	-	-	-	-	-	-	-	-	-	-	-	-	-	-	rs144202762	-	-	-	-	-	-	-	-	-	0.0058	-	-	-	-	-	-	-	-	12.7	1.382602	(0.05,0.25]
rs12616536	chr2	45956545	45956546	0.1017	2:45956545_G_A	1	0.9649	0.1927	5.532e-07	0.00419999999999998	1	yes	2:45956545-45956545	A	intron_variant	MODIFIER	PRKCE	ENSG00000171132	Transcript	ENST00000306156	protein_coding	-	1/14	-	-	-	-	-	-	-	rs12616536	-	1	-	HGNC	9401	-	-	-	-	0.0465	-	-	-	-	-	-	-	-	1.7	-0.104057	(0.05,0.25]
rs13415932	chr2	211478366	211478367	0.7831	2:211478366_A_C	2	-0.4076	0.0818	6.225e-07	0.0396	1	yes	2:211478366-211478366	C	intron_variant	MODIFIER	CPS1	ENSG00000021826	Transcript	ENST00000233072	protein_coding	-	20/37	-	-	-	-	-	-	-	rs13415932	-	1	-	HGNC	2323	-	-	-	-	0.0653	-	-	-	-	-	-	-	-	0.8	-0.263895	(0.75,1]
rs816925	chr20	62651978	62651979	0.8776	20:62651978_G_A	26	-0.1462	0.0296	7.544e-07	0.4356	1	yes	20:62651978-62651978	A	intron_variant	MODIFIER	ZNF512B	ENSG00000196700	Transcript	ENST00000217130	protein_coding	-	1/16	-	-	-	-	-	-	-	rs816925	-	-1	-	HGNC	29212	-	-	-	-	0.4215	-	-	-	-	-	-	-	-	0.203	-0.513844	(0.75,1]
rs55857134	chr21	36347627	36347628	0.3419	21:36347627_T_C	27	0.1731	0.0302	1.034e-08	0.3339	1	yes	21:36347627-36347627	C	intron_variant	MODIFIER	RUNX1	ENSG00000159216	Transcript	ENST00000300305	protein_coding	-	1/7	-	-	-	-	-	-	-	rs55857134	-	-1	-	HGNC	10471	-	-	-	-	0.2606	-	-	-	-	-	-	-	-	1.755	-0.096604	(0.25,0.75]
rs17879961	chr22	29121087	29121088	0.0166	22:29121087_A_G	28	0.953	0.1941	9.156e-07	0.0174	8	yes	22:29121087-29121087	C	missense_variant	MODERATE	CHEK2	ENSG00000183765	Transcript	ENST00000328354	protein_coding	4/15	-	-	-	552	470	157	I/S	aTt/aGt	rs17879961,CM993368,COSM3693990	-	-1	-	HGNC	16627	-	-	tolerated(0.11)	benign(0.105)	-	uncertain_significance,not_provided,likely_pathogenic,pathogenic,risk_factor	0,0,1	1,1,1	25741868,20729852,21514219,23946381,24728327,27424552,24244489,26510858,27392074,24599715,27230571,26264438,27747004,26845104,27467053,27438779,24880342,27632928,10617473,12533788,15239132,15492928,16816021,17085682,17517688,19442246,21244692,24894818,16671833,21504591,29531215,28604730,27696107,25798211,22960999,19492346,29684080,29682443,29688369,25937444,27676490,27711073	-	-	-	-	22.3	3.026362	(0.01,0.05]
rs75405916	chr3	120972200	120972201	0.0016	3:120972200_T_C	3	2.8485	0.5716	6.256e-07	4e-04	25	yes	3:120972200-120972200	C	intron_variant	MODIFIER	STXBP5L	ENSG00000145087	Transcript	ENST00000273666	protein_coding	-	15/27	-	-	-	-	-	-	-	rs75405916	-	1	-	HGNC	30757	-	-	-	-	0.0204	-	-	-	-	-	-	-	-	1.989	-0.066918	[0.001,0.01]
rs9864772	chr3	128316939	128316940	0.3438	3:128316939_A_G	4	0.1492	0.0286	1.871e-07	0.395	1	yes	3:128316939-128316939	G	intergenic_variant	MODIFIER	-	-	-	-	-	-	-	-	-	-	-	-	-	-	rs9864772	-	-	-	-	-	-	-	-	-	0.5178	-	-	-	-	-	-	-	-	1.731	-0.099799	(0.25,0.75]
rs77249081	chr3	159633461	159633462	0.0154	3:159633461_C_G	5	1.2378	0.2362	1.598e-07	0.0075	8	yes	3:159633461-159633461	G	intron_variant,non_coding_transcript_variant	MODIFIER	IL12A-AS1	ENSG00000244040	Transcript	ENST00000497452	antisense	-	9/9	-	-	-	-	-	-	-	rs77249081	-	-1	-	HGNC	49094	-	-	-	-	0.0066	-	-	-	-	-	-	-	-	10.77	1.018849	(0.01,0.05]
rs74676712	chr3	160284736	160284737	0.4055	3:160284736_C_T	6	0.2682	0.0454	3.422e-09	0.1061	1	yes	3:160284736-160284736	T	upstream_gene_variant	MODIFIER	KPNA4	ENSG00000186432	Transcript	ENST00000334256	protein_coding	-	-	-	-	-	-	-	-	-	rs74676712	1360	-1	-	HGNC	6397	-	-	-	-	0.0290	-	-	-	-	-	-	-	-	6.48	0.384785	(0.25,0.75]
rs12491785	chr3	168846701	168846702	0.078	3:168846701_C_T	7	-0.1658	0.0283	4.451e-09	0.3938	1	yes	3:168846701-168846701	T	intron_variant	MODIFIER	MECOM	ENSG00000085276	Transcript	ENST00000264674	protein_coding	-	4/16	-	-	-	-	-	-	-	rs12491785	-	-1	-	HGNC	3498	-	-	-	-	0.5266	-	-	1	-	-	-	-	-	9.264	0.767812	(0.05,0.25]
rs1548483	chr4	105749895	105749896	0.9011	4:105749895_C_T	8	0.6964	0.0738	3.816e-21	0.0391	1	yes	4:105749895-105749895	T	intron_variant,non_coding_transcript_variant	MODIFIER	RP11-556I14.2	ENSG00000248242	Transcript	ENST00000515127	lincRNA	-	3/5	-	-	-	-	-	-	-	rs1548483	-	-1	-	Clone_based_vega_gene	-	-	-	-	-	0.0116	-	-	-	27365426	-	-	-	-	2.202	-0.041892	(0.75,1]
rs60833263	chr5	1100831	1100832	0.3067	5:1100831_G_A	9	-0.1397	0.0287	1.176e-06	0.4538	1	yes	5:1100831-1100831	A	intron_variant	MODIFIER	SLC12A7	ENSG00000113504	Transcript	ENST00000264930	protein_coding	-	1/23	-	-	-	-	-	-	-	rs60833263	-	-1	-	HGNC	10915	-	-	-	-	0.3079	-	-	-	-	-	-	-	-	3.058	0.047605	(0.25,0.75]
rs4131149	chr5	1138335	1138336	0.2998	5:1138335_T_G	10	0.1511	0.0295	3.016e-07	0.4279	2	yes	5:1138335-1138335	A	intergenic_variant	MODIFIER	-	-	-	-	-	-	-	-	-	-	-	-	-	-	rs4131149	-	-	-	-	-	-	-	-	-	-	-	-	-	-	-	-	-	-	2.484	-0.010812	(0.25,0.75]
rs7705526	chr5	1285974	1285975	1	5:1285974_C_A	11	0.4592	0.0314	1.839e-48	0.3376	1	yes	5:1285974-1285974	A	intron_variant	MODIFIER	TERT	ENSG00000164362	Transcript	ENST00000296820	protein_coding	-	2/13	-	-	-	-	-	-	-	rs7705526,CR133201	-	-1	-	HGNC	11730	-	-	-	-	0.3215	benign	-	1,1	26808113,25077817,27812514,27759658,25487306,23535824,26354067,25027329,28235418,27365426,24476768,23535731,28195142,26425038,30116257,29100304,25986438,26621817,29374233,24465473,23770605,29151059	-	-	-	-	0.629	-0.310323	(0.75,1]
rs2853677	chr5	1287194	1287195	1	5:1287194_G_A	12	-0.3712	0.0285	8.619e-39	0.4227	1	yes	5:1287194-1287194	A	intron_variant	MODIFIER	TERT	ENSG00000164362	Transcript	ENST00000296820	protein_coding	-	2/13	-	-	-	-	-	-	-	rs2853677	-	-1	-	HGNC	11730	-	-	-	-	0.6124	-	-	1	23267696,20445798,27246533,21771723,26929738,25415319,22899653,21994403,25940397,26590902,27708512,22213090,25027329,27365426,27191258,27393504,23535731,28057933,26294352,26372813,22539396,24681604,22797724,28915643,28978050,17848914,29928145,29100304,28604730,26623030,29100352,29492197,27581250,22527105,26835366,27579533,29299136,29507683	-	-	-	-	3.286	0.069638	(0.75,1]
rs56084922	chr5	111061883	111061884	0.2033	5:111061883_A_G	13	-0.287	0.0586	9.53e-07	0.0729	1	yes	5:111061883-111061883	G	downstream_gene_variant	MODIFIER	NREP	ENSG00000134986	Transcript	ENST00000257435	protein_coding	-	-	-	-	-	-	-	-	-	rs56084922	3110	-1	-	HGNC	16834	-	-	-	-	0.1757	-	-	1	-	-	-	-	-	4.755	0.207180	(0.05,0.25]
rs9275373	chr6	32668411	32668412	0.2675	6:32668411_G_A	14	0.2444	0.0481	3.725e-07	0.111	1	yes	6:32668411-32668411	A	regulatory_region_variant	MODIFIER	-	-	RegulatoryFeature	ENSR00000320303	CTCF_binding_site	-	-	-	-	-	-	-	-	-	rs9275373	-	-	-	-	-	-	-	-	-	0.1088	-	-	-	-	-	-	-	-	1.184	-0.184083	(0.25,0.75]
rs116466979	chr6	34235378	34235379	0.2425	6:34235378_T_C	15	0.4024	0.0681	3.494e-09	0.0453	1	yes	6:34235378-34235378	C	upstream_gene_variant	MODIFIER	RPL35P2	ENSG00000220583	Transcript	ENST00000402419	processed_pseudogene	-	-	-	-	-	-	-	-	-	rs116466979	3928	-1	-	HGNC	35789	-	-	-	-	0.0138	-	-	-	-	-	-	-	-	2.142	-0.048725	(0.05,0.25]
rs1860826	chr7	2112506	2112507	0.0909	7:2112506_G_A	16	0.1502	0.0297	4.053e-07	0.3545	1	yes	7:2112506-2112506	A	intron_variant	MODIFIER	MAD1L1	ENSG00000002822	Transcript	ENST00000265854	protein_coding	-	10/17	-	-	-	-	-	-	-	rs1860826	-	-1	-	HGNC	6762	-	-	-	-	0.2999	-	-	-	-	-	-	-	-	1.213	-0.178999	(0.05,0.25]
rs62471615	chr7	130746955	130746956	0.3731	7:130746955_C_A	17	-0.2558	0.0316	6.203e-16	0.2953	1	yes	7:130746955-130746955	A	intron_variant,non_coding_transcript_variant	MODIFIER	LINC-PINT	ENSG00000231721	Transcript	ENST00000423414	antisense	-	1/3	-	-	-	-	-	-	-	rs62471615	-	-1	-	HGNC	26885	-	-	-	-	0.3057	-	-	-	-	-	-	-	-	3.685	0.107162	(0.25,0.75]
rs7868130	chr9	4998401	4998402	0.3977	9:4998401_C_T	18	0.6917	0.0304	8.8e-115	0.2695	2	yes	9:4998401-4998401	T	intron_variant	MODIFIER	JAK2	ENSG00000096968	Transcript	ENST00000381652	protein_coding	-	2/24	-	-	-	-	-	-	-	rs7868130	-	1	-	HGNC	6192	-	-	-	-	0.2440	-	-	-	-	-	-	-	-	2.098	-0.053853	(0.25,0.75]
rs75035022	chr9	5149250	5149251	0.4449	9:5149250_C_T	19	0.7771	0.0764	2.657e-24	0.0311	1	yes	9:5149250-5149250	G	intron_variant,non_coding_transcript_variant	MODIFIER	INSL6	ENSG00000120210	Transcript	ENST00000510407	processed_transcript	-	1/3	-	-	-	-	-	-	-	rs75035022	-	-1	-	HGNC	6089	-	-	-	-	-	-	-	-	-	-	-	-	-	1.283	-0.167018	(0.25,0.75]
rs621940	chr9	135870130	135870131	0.2382	9:135870130_C_G	20	0.2168	0.0368	4.014e-09	0.1572	1	yes	9:135870130-135870130	A	downstream_gene_variant	MODIFIER	GFI1B	ENSG00000165702	Transcript	ENST00000339463	protein_coding	-	-	-	-	-	-	-	-	-	rs621940	3056	1	-	HGNC	4238	-	-	-	-	-	-	-	-	27365426	-	-	-	-	6.839	0.426232	(0.05,0.25]
