var	rsid	region	PP	pvalue	region_rank	seqnames	start	end	B	CD4	CD8	CLP	CMP	Ery	GMP.A	GMP.B	GMP.C	HSC	LMPP	mDC	Mega	MEP	Mono	MPP	NK	pDC
3:128312647_T_C	rs2712393	4	0.0191	4.115e-06	9	chr3	128312413	128312663	0.672995494413316	0.426747537071328	0.231238321765075	0.814062901100772	0.596105322713447	0.814062901100772	0.596105322713447	0.231238321765075	0.426747537071328	0.231238321765075	0.672995494413316	0.332756440178677	0.596105322713447	1	0.672995494413316	0.332756440178677	0.426747537071328	0.745489476603477
3:160139696_G_A	rs6441319	6	0.0109	4.748e-07	7	chr3	160139448	160139698	0.514251154838402	0.231238321765075	0.231238321765075	0.672995494413316	0.596105322713447	1	0	0.514251154838402	0	0.332756440178677	0.672995494413316	0.426747537071328	0.814062901100772	0.814062901100772	0.332756440178677	0.332756440178677	0.426747537071328	0.514251154838402
3:160153989_C_T	rs6785881	6	0.0105	4.735e-07	9	chr3	160153855	160154105	0.579104679992603	0.579104679992603	0.44250704934976	0.75647079736603	0.64148489606555	0.95544864408182	0.19897784671579	0.104017400251752	0.104017400251752	0.51294159473206	0.51294159473206	0.19897784671579	0.286332989455059	1	0.44250704934976	0.286332989455059	0.286332989455059	0.44250704934976
3:160165608_G_T	rs17236473	6	0.0127	4.138e-07	3	chr3	160165461	160165711	0.193829568343386	0.280987027632432	0.193829568343386	0.160848041125219	0.193829568343386	1	0.0871574592890468	0.0871574592890468	0	0.193829568343386	0.0455623200141664	0.474816595975818	0.224681726626457	0.492201876806015	0.280987027632432	0.160848041125219	0.160848041125219	0.331353835680796
3:160603613_C_T	rs1447615	5	0.0132	0.0004453	14	chr3	160603525	160603775	0.425896435910078	0.144275933105415	0.112499175116717	0.392896310448971	0.0781776618357148	0.375392247083219	0.112499175116717	0.144275933105415	0.144275933105415	0.0408680527814073	0.173859387037181	0.0781776618357148	0.144275933105415	0.144275933105415	0.144275933105415	0.0408680527814073	0.173859387037181	1
3:168823124_C_T	rs4645171	7	0.0332	1.172e-08	14	chr3	168822885	168823135	0.199521136981778	0.108112944690796	0.155576629072289	0.199521136981778	0.864928799683801	0.380606193340872	0.439953632062355	0.439953632062355	0.278702514758269	0.917672835030946	0.791628258488922	0.108112944690796	0.543341615537831	0.930157074986895	0.439953632062355	1	0.0565169822968322	0.348545439771373
5:1102994_A_G	rs4314449	9	0.0772	3.985e-06	5	chr5	1102855	1103105	0.512350622036101	0.0760799785763123	0.145535557307327	0.423566360442057	0.512350622036101	0.792848925126857	0.553294755665112	0.928468384727786	0.0760799785763123	0.469192241217092	0.323656683909765	0.553294755665112	1	0.512350622036101	0.26858411773245	0.423566360442057	0.469192241217092	0.553294755665112
5:1104938_C_T	rs35188965	9	0.0207	6.027e-06	7	chr5	1104793	1105043	0.31986925659778	0.653686028524062	0.590922927719588	0.512184599620238	0.841303097242993	0.430676558073393	0.958870986254598	1	0.975443846969869	0.992453050726168	0.883820792911729	0.869024307560758	0.600060864939486	0.803934098741963	0.604530977561084	0.960286330239186	0.487317934353082	0.625964818206296
5:1109568_T_C	rs4565255	9	0.0175	1.608e-05	8	chr5	1109487	1109737	0.447896079580681	0.379814489942507	0.303705747973754	0.379814489942507	0.262002410774717	0.641816900717224	0.479423183587557	1	0.827710569523188	0.303705747973754	0.414751509265322	0.509483368796806	0.479423183587557	0.379814489942507	0.665316852393521	0.303705747973754	0.379814489942507	0.379814489942507
5:1109592_C_G	rs4639275	9	0.0876	1.143e-05	4	chr5	1109487	1109737	0.447896079580681	0.379814489942507	0.303705747973754	0.379814489942507	0.262002410774717	0.641816900717224	0.479423183587557	1	0.827710569523188	0.303705747973754	0.414751509265322	0.509483368796806	0.479423183587557	0.379814489942507	0.665316852393521	0.303705747973754	0.379814489942507	0.379814489942507
5:1137320_C_A	rs7713981	10	0.3125	2.008e-07	1	chr5	1137177	1137427	0.369070246428543	0.306270228443495	0	0.535026479282073	0.369070246428543	0.238814245183408	0.630929753571458	0.535026479282073	0.16595623285353	0.427815739996445	0.306270228443495	0.306270228443495	0.369070246428543	0.427815739996445	0.427815739996445	0.482998648873181	0.238814245183408	1
5:1138335_T_G	rs4131149	10	0.2998	3.043e-07	2	chr5	1138233	1138483	0.244145130002266	0.165547953424609	0.165547953424609	0.277715945683964	0.753789016754231	0.451179444994644	0.800304012274948	0.749620601615617	0.781663315254922	1	0.769986213778858	0.625186085458919	0.186901580172041	0.619164965021771	0.664676821471248	0.96991356447092	0.0924117694666508	0.529776621572301
5:1140502_T_C	rs4074688	10	0.1279	1.421e-06	3	chr5	1140380	1140630	0.494565995198054	0.475552232454118	0.269023777810344	1	0.384962948539059	0.468943566344126	0.523853968075579	0.482021758362384	0.494565995198054	0.545427114072473	0.606617589714661	0.305217459962859	0.366881784781843	0.376055335569772	0.418216023272837	0.50065116692205	0.197236006144839	0.806537378248444
5:111056726_C_A	rs17842609	13	0.0151	1.612e-05	11	chr5	111056506	111056756	0.51294159473206	0.367211219012335	0.104017400251752	1	0.700491518515706	0.367211219012335	0	0.104017400251752	0	0.286332989455059	0.44250704934976	0.367211219012335	0.367211219012335	0.579104679992603	0.64148489606555	0.286332989455059	0.367211219012335	0
6:32657565_A_G	rs9275206	14	0.0243	5.444e-06	8	chr6	32657394	32657644	1	0.189566912288316	0.264797885421728	0.147814821244487	0.0536973174267864	0.264797885421728	0.102719127474215	0	0	0.0536973174267864	0	0.264797885421728	0.0536973174267864	0.102719127474215	0.102719127474215	0.0536973174267864	0.189566912288316	0.228437179116332
6:32668411_G_A	rs9275373	14	0.2675	3.819e-07	1	chr6	32668282	32668532	0.792232213511931	0.353620513014059	0.453504920612861	0.934239508880324	0.546495079387139	0.128461224497453	1	0.865105242015431	0.934239508880324	0.633481563617976	0.353620513014059	0.633481563617976	0.934239508880324	0.353620513014059	0.865105242015431	0.865105242015431	0.353620513014059	0.792232213511931
6:34208190_T_C	rs73744859	15	0.0219	5.617e-08	8	chr6	34208099	34208349	0.326792823645838	0.254816741107874	0.254816741107874	0.177076649635363	0.177076649635363	0.765775535316603	0	0.177076649635363	0.0925683589624412	0	0.0925683589624412	0.177076649635363	0.326792823645838	0.326792823645838	0.326792823645838	0.0925683589624412	0.326792823645838	1
6:34215919_C_T	rs1150779	15	0.0256	6.754e-08	7	chr6	34215884	34216134	0.857665126548212	0.683461320391684	0.458873553060104	0.541126446939897	0.414251097308433	1	0.458873553060104	0.501082775231739	0.26267729423594	0.316538679608316	0.26267729423594	0.366922640783368	0.74594909675664	0.414251097308433	0.615533240188415	0.316538679608316	0.204822649816744	0.541126446939897
6:34216425_T_C	rs77988055	15	0.015	9.73e-08	14	chr6	34216236	34216486	0.769916656022355	0.595108930545633	0.604488559434371	0.357187644378282	0.461607408471924	0.622624695750476	0.604488559434371	0.731030494635857	0.664723439777855	0.373842850257574	0.420080487786066	0.78805279233846	0.737774381853366	0.321687360410435	1	0.434397601952127	0.622624695750476	0.544674944887105
7:130729394_C_T	rs58270997	17	0.1664	1.123e-15	4	chr7	130729281	130729531	1	0.534233379170295	0.838567969942582	0.264146786944396	0.264146786944396	0.473196869129444	0.697856474455816	0.473196869129444	0.0959577243093813	0.473196869129444	0.264146786944396	0.408219868442124	0.183560263115752	0.338758254215298	0.746978122657422	0.473196869129444	0.881416737571568	0.922516079782189
7:130737982_T_G	rs2015210	17	0.2483	7.792e-16	2	chr7	130737759	130738009	0.630929753571458	0.427815739996445	0.630929753571458	0.869743998754866	0.238814245183408	0.427815739996445	0.427815739996445	0.306270228443495	0.306270228443495	0.306270228443495	0.630929753571458	0.584240584956991	0.238814245183408	0.306270228443495	0.427815739996445	0.427815739996445	0.427815739996445	1
7:130742066_A_G	rs7803075	17	0.1946	1.132e-15	3	chr7	130741996	130742246	0.692545794682475	0.789100464109459	0.76716379690295	1	0.580278598092912	0.140157060802474	0.485846387516813	0.390150354472493	0.317501223854748	0.80953340058344	0.769431520452496	0.296191859976431	0.284937535297521	0.420762255353589	0.273241753528852	0.784840331519059	0.704016601555772	0.467767870081343
9:4988048_G_C	rs10156618	19	0.0331	8.421e-36	3	chr9	4987877	4988127	0.75263230896913	0.990859146937891	0.962493492510861	0.911723089732077	0.738267630706862	0.806627263270727	0.676758851311142	0.569388824169769	0.692789220649966	0.588794640525298	0.780288522606981	0.569388824169769	0.660249893435894	0.942741070679039	0.643232888653696	0.625675572134014	1	0.383316642566946
9:4988341_C_T	rs10156475	19	0.0107	1.96e-43	6	chr9	4988156	4988406	0.447258593387029	0.9832082702068	1	0.447258593387029	0.831952715977989	0.447258593387029	0.327509370328538	0.409583306449226	0.516999055912611	0.516999055912611	0.580390289392316	0.54941527587395	0.54941527587395	0.580390289392316	0.610046810432577	0.409583306449226	0.852754949312407	0
9:135870130_C_G	rs621940	20	0.2382	4.134e-09	1	chr9	135870019	135870269	0.295240511699115	0.136737864970271	0.265897049882639	0.265897049882639	0.733406898126578	1	0.859767419094753	0.811711115532741	0.85176932715216	0.69272666898717	0.52189544579361	0.402634914852911	0.83800263733618	0.846329901652213	0.136737864970271	0.641461168673522	0.507230654062513	0.347225835273918
9:135879138_C_T	rs1633768	20	0.059	1.658e-08	6	chr9	135879052	135879302	0.234608236123505	0.0421397713441514	0.0806103684850915	0.259879854481113	0.541071446628475	0.48573269650099	1	0.924882036978124	0.612926421009939	0.674719781450503	0.65506619235409	0.234608236123505	0.799504056105379	0.48573269650099	0.179269485996021	0.745612550982103	0.115999887275786	0
11:107903818_A_G	rs36034326	21	0.0621	4.567e-09	3	chr11	107903781	107904031	0.514251154838402	0.120881844213226	0.332756440178677	0.120881844213226	0.426747537071328	0.596105322713447	0.514251154838402	0.426747537071328	0.120881844213226	0.426747537071328	0.514251154838402	0.332756440178677	0.879118155786774	1	0.426747537071328	0.231238321765075	0.231238321765075	0.514251154838402
11:108087847_G_T	rs228606	21	0.0102	2.948e-07	17	chr11	108087775	108088025	0.44188457648816	1	0.929873913710743	0.374716753916304	0.16725844833732	0.338277997183575	0.16725844833732	0.0607606863578696	0	0.16725844833732	0.116230847023681	0.214502627940113	0.338277997183575	0.299629516619217	0.214502627940113	0.16725844833732	0.55811542351184	0.374716753916304
13:41160579_C_G	rs9532564	23	0.0369	1.908e-07	8	chr13	41160332	41160582	0.325690552206622	0.248867554066196	0.248867554066196	0.73280920733171	0.455388462683481	0.288480195394318	0.586476595521997	0.455388462683481	0.325690552206622	1	0.586476595521997	0.248867554066196	0.393958946220828	0.36077340979953	0.248867554066196	0.803032325642212	0.248867554066196	0.248867554066196
13:41173408_G_C	rs4943794	23	0.0207	3.516e-07	19	chr13	41173402	41173652	1	0.962003261400213	0.646214689581782	0.338758254215298	0.264146786944396	0.534233379170295	0	0.0959577243093813	0.0959577243093813	0.264146786944396	0.264146786944396	0.264146786944396	0.534233379170295	0.408219868442124	0.338758254215298	0.264146786944396	0.264146786944396	0.408219868442124
13:41186501_G_A	rs10507486	23	0.0288	2.478e-07	12	chr13	41186305	41186555	0.765534746362977	0.584962500721156	0.584962500721156	0.584962500721156	0.263034405833794	0.678071905112638	0.263034405833794	0.137503523749935	0	0.137503523749935	0.678071905112638	0	0.485426827170242	1	0.584962500721156	0.137503523749935	0.37851162325373	0
13:41204015_T_C	rs7323267	23	0.0574	1.15e-07	1	chr13	41203920	41204170	1	0.394546838096288	0.276376713743639	0.473052918369211	0.617934943744011	0.1448820253748	0.0785060802729228	0.228483920417844	0.458455204396005	0.93642922001516	0.861819920387799	0.718100085523043	0.1448820253748	0.500842645542547	0.473052918369211	0.950863800316185	0.112971775632151	0.298463161212945
13:41223110_C_T	rs1334241	23	0.0462	1.493e-07	4	chr13	41223108	41223358	0.671396521455125	0.847474402080741	0.671396521455125	0.733154547713942	0.733154547713942	0.536859409356317	0.208255930811442	0.108867599421539	0	0.847474402080741	0.606107595190654	0.384333811437058	0.951386482917217	1	0.536859409356317	0.671396521455125	0.384333811437058	0.463140590643683
13:41240783_G_A	rs35594717	23	0.0162	4.557e-07	25	chr13	41240657	41240907	0.826731741843566	0.917558359410463	0.957464567969869	0.732809094600752	0.786757288306149	0.778547243199986	0.722546003531051	0.761257440463953	0.713200980964408	0.821528480433174	0.816212909789499	0.781658171459067	0.921677809864974	0.783710504551171	0.843322427060082	0.833502712525531	1	0.859617659039718
21:36351891_T_C	rs2834712	27	0.168	1.905e-08	3	chr21	36351747	36351997	0.303718939416741	0.196527381891668	0.196527381891668	0.252038927163399	0.519210956330207	0.623901466216654	0.196527381891668	0.397474027763124	0	1	0.938398477509636	0.136570345400712	0.196527381891668	0.252038927163399	0.352062362314178	0.959500241147661	0.136570345400712	0.303718939416741
